building_scope,heat_source
AT-EDU-1850-1944,Electricity
AT-EDU-1850-1944,Gas
BE-EDU-1850-1944,Electricity
BE-EDU-1850-1944,Gas
BG-EDU-1850-1944,Gas
CY-EDU-1850-1944,Gas
CZ-EDU-1850-1944,Gas
DE-EDU-1850-1944,Electricity
DE-EDU-1850-1944,Gas
DK-EDU-1850-1944,District
DK-EDU-1850-1944,Electricity
DK-EDU-1850-1944,Gas
EE-EDU-1850-1944,District
EE-EDU-1850-1944,Electricity
EE-EDU-1850-1944,Gas
EL-EDU-1850-1944,Gas
ES-EDU-1850-1944,Gas
FI-EDU-1850-1944,District
FI-EDU-1850-1944,Electricity
FI-EDU-1850-1944,Gas
FR-EDU-1850-1944,Electricity
FR-EDU-1850-1944,Gas
HR-EDU-1850-1944,Gas
HU-EDU-1850-1944,Gas
IE-EDU-1850-1944,Electricity
IE-EDU-1850-1944,Gas
IT-EDU-1850-1944,Gas
LT-EDU-1850-1944,District
LT-EDU-1850-1944,Electricity
LT-EDU-1850-1944,Gas
LU-EDU-1850-1944,Electricity
LU-EDU-1850-1944,Gas
LV-EDU-1850-1944,District
LV-EDU-1850-1944,Electricity
LV-EDU-1850-1944,Gas
MT-EDU-1850-1944,Gas
NL-EDU-1850-1944,Electricity
NL-EDU-1850-1944,Gas
PL-EDU-1850-1944,Gas
PT-EDU-1850-1944,Gas
RO-EDU-1850-1944,Gas
SE-EDU-1850-1944,District
SE-EDU-1850-1944,Electricity
SE-EDU-1850-1944,Gas
SI-EDU-1850-1944,Gas
SK-EDU-1850-1944,Gas
AT-EDU-1945-1969,Electricity
AT-EDU-1945-1969,Gas
BE-EDU-1945-1969,Electricity
BE-EDU-1945-1969,Gas
BG-EDU-1945-1969,Gas
CY-EDU-1945-1969,Gas
CZ-EDU-1945-1969,Gas
DE-EDU-1945-1969,Electricity
DE-EDU-1945-1969,Gas
DK-EDU-1945-1969,District
DK-EDU-1945-1969,Electricity
DK-EDU-1945-1969,Gas
EE-EDU-1945-1969,District
EE-EDU-1945-1969,Electricity
EE-EDU-1945-1969,Gas
EL-EDU-1945-1969,Gas
ES-EDU-1945-1969,Gas
FI-EDU-1945-1969,District
FI-EDU-1945-1969,Electricity
FI-EDU-1945-1969,Gas
FR-EDU-1945-1969,Electricity
FR-EDU-1945-1969,Gas
HR-EDU-1945-1969,Gas
HU-EDU-1945-1969,Gas
IE-EDU-1945-1969,Electricity
IE-EDU-1945-1969,Gas
IT-EDU-1945-1969,Gas
LT-EDU-1945-1969,District
LT-EDU-1945-1969,Electricity
LT-EDU-1945-1969,Gas
LU-EDU-1945-1969,Electricity
LU-EDU-1945-1969,Gas
LV-EDU-1945-1969,District
LV-EDU-1945-1969,Electricity
LV-EDU-1945-1969,Gas
MT-EDU-1945-1969,Gas
NL-EDU-1945-1969,Electricity
NL-EDU-1945-1969,Gas
PL-EDU-1945-1969,Gas
PT-EDU-1945-1969,Gas
RO-EDU-1945-1969,Gas
SE-EDU-1945-1969,District
SE-EDU-1945-1969,Electricity
SE-EDU-1945-1969,Gas
SI-EDU-1945-1969,Gas
SK-EDU-1945-1969,Gas
AT-EDU-1970-1979,Electricity
AT-EDU-1970-1979,Gas
BE-EDU-1970-1979,Electricity
BE-EDU-1970-1979,Gas
BG-EDU-1970-1979,Gas
CY-EDU-1970-1979,Gas
CZ-EDU-1970-1979,Gas
DE-EDU-1970-1979,Electricity
DE-EDU-1970-1979,Gas
DK-EDU-1970-1979,District
DK-EDU-1970-1979,Electricity
DK-EDU-1970-1979,Gas
EE-EDU-1970-1979,District
EE-EDU-1970-1979,Electricity
EE-EDU-1970-1979,Gas
EL-EDU-1970-1979,Gas
ES-EDU-1970-1979,Gas
FI-EDU-1970-1979,District
FI-EDU-1970-1979,Electricity
FI-EDU-1970-1979,Gas
FR-EDU-1970-1979,Electricity
FR-EDU-1970-1979,Gas
HR-EDU-1970-1979,Gas
HU-EDU-1970-1979,Gas
IE-EDU-1970-1979,Electricity
IE-EDU-1970-1979,Gas
IT-EDU-1970-1979,Gas
LT-EDU-1970-1979,District
LT-EDU-1970-1979,Electricity
LT-EDU-1970-1979,Gas
LU-EDU-1970-1979,Electricity
LU-EDU-1970-1979,Gas
LV-EDU-1970-1979,District
LV-EDU-1970-1979,Electricity
LV-EDU-1970-1979,Gas
MT-EDU-1970-1979,Gas
NL-EDU-1970-1979,Electricity
NL-EDU-1970-1979,Gas
PL-EDU-1970-1979,Gas
PT-EDU-1970-1979,Gas
RO-EDU-1970-1979,Gas
SE-EDU-1970-1979,District
SE-EDU-1970-1979,Electricity
SE-EDU-1970-1979,Gas
SI-EDU-1970-1979,Gas
SK-EDU-1970-1979,Gas
AT-EDU-1980-1989,Electricity
AT-EDU-1980-1989,Gas
BE-EDU-1980-1989,Electricity
BE-EDU-1980-1989,Gas
BG-EDU-1980-1989,Gas
CY-EDU-1980-1989,Gas
CZ-EDU-1980-1989,Gas
DE-EDU-1980-1989,Electricity
DE-EDU-1980-1989,Gas
DK-EDU-1980-1989,District
DK-EDU-1980-1989,Electricity
DK-EDU-1980-1989,Gas
EE-EDU-1980-1989,District
EE-EDU-1980-1989,Electricity
EE-EDU-1980-1989,Gas
EL-EDU-1980-1989,Gas
ES-EDU-1980-1989,Gas
FI-EDU-1980-1989,District
FI-EDU-1980-1989,Electricity
FI-EDU-1980-1989,Gas
FR-EDU-1980-1989,Electricity
FR-EDU-1980-1989,Gas
HR-EDU-1980-1989,Gas
HU-EDU-1980-1989,Gas
IE-EDU-1980-1989,Electricity
IE-EDU-1980-1989,Gas
IT-EDU-1980-1989,Gas
LT-EDU-1980-1989,District
LT-EDU-1980-1989,Electricity
LT-EDU-1980-1989,Gas
LU-EDU-1980-1989,Electricity
LU-EDU-1980-1989,Gas
LV-EDU-1980-1989,District
LV-EDU-1980-1989,Electricity
LV-EDU-1980-1989,Gas
MT-EDU-1980-1989,Gas
NL-EDU-1980-1989,Electricity
NL-EDU-1980-1989,Gas
PL-EDU-1980-1989,Gas
PT-EDU-1980-1989,Gas
RO-EDU-1980-1989,Gas
SE-EDU-1980-1989,District
SE-EDU-1980-1989,Electricity
SE-EDU-1980-1989,Gas
SI-EDU-1980-1989,Gas
SK-EDU-1980-1989,Gas
AT-EDU-1990-1999,Electricity
AT-EDU-1990-1999,Gas
BE-EDU-1990-1999,Electricity
BE-EDU-1990-1999,Gas
BG-EDU-1990-1999,Gas
CY-EDU-1990-1999,Gas
CZ-EDU-1990-1999,Gas
DE-EDU-1990-1999,Electricity
DE-EDU-1990-1999,Gas
DK-EDU-1990-1999,District
DK-EDU-1990-1999,Electricity
DK-EDU-1990-1999,Gas
EE-EDU-1990-1999,District
EE-EDU-1990-1999,Electricity
EE-EDU-1990-1999,Gas
EL-EDU-1990-1999,Gas
ES-EDU-1990-1999,Gas
FI-EDU-1990-1999,District
FI-EDU-1990-1999,Electricity
FI-EDU-1990-1999,Gas
FR-EDU-1990-1999,Electricity
FR-EDU-1990-1999,Gas
HR-EDU-1990-1999,Gas
HU-EDU-1990-1999,Gas
IE-EDU-1990-1999,Electricity
IE-EDU-1990-1999,Gas
IT-EDU-1990-1999,Gas
LT-EDU-1990-1999,District
LT-EDU-1990-1999,Electricity
LT-EDU-1990-1999,Gas
LU-EDU-1990-1999,Electricity
LU-EDU-1990-1999,Gas
LV-EDU-1990-1999,District
LV-EDU-1990-1999,Electricity
LV-EDU-1990-1999,Gas
MT-EDU-1990-1999,Gas
NL-EDU-1990-1999,Electricity
NL-EDU-1990-1999,Gas
PL-EDU-1990-1999,Gas
PT-EDU-1990-1999,Gas
RO-EDU-1990-1999,Gas
SE-EDU-1990-1999,District
SE-EDU-1990-1999,Electricity
SE-EDU-1990-1999,Gas
SI-EDU-1990-1999,Gas
SK-EDU-1990-1999,Gas
AT-EDU-2000-2010,Electricity
AT-EDU-2000-2010,Gas
BE-EDU-2000-2010,Electricity
BE-EDU-2000-2010,Gas
BG-EDU-2000-2010,Gas
CY-EDU-2000-2010,Gas
CZ-EDU-2000-2010,Gas
DE-EDU-2000-2010,Electricity
DE-EDU-2000-2010,Gas
DK-EDU-2000-2010,District
DK-EDU-2000-2010,Electricity
DK-EDU-2000-2010,Gas
EE-EDU-2000-2010,District
EE-EDU-2000-2010,Electricity
EE-EDU-2000-2010,Gas
EL-EDU-2000-2010,Gas
ES-EDU-2000-2010,Gas
FI-EDU-2000-2010,District
FI-EDU-2000-2010,Electricity
FI-EDU-2000-2010,Gas
FR-EDU-2000-2010,Electricity
FR-EDU-2000-2010,Gas
HR-EDU-2000-2010,Gas
HU-EDU-2000-2010,Gas
IE-EDU-2000-2010,Electricity
IE-EDU-2000-2010,Gas
IT-EDU-2000-2010,Gas
LT-EDU-2000-2010,District
LT-EDU-2000-2010,Electricity
LT-EDU-2000-2010,Gas
LU-EDU-2000-2010,Electricity
LU-EDU-2000-2010,Gas
LV-EDU-2000-2010,District
LV-EDU-2000-2010,Electricity
LV-EDU-2000-2010,Gas
MT-EDU-2000-2010,Gas
NL-EDU-2000-2010,Electricity
NL-EDU-2000-2010,Gas
PL-EDU-2000-2010,Gas
PT-EDU-2000-2010,Gas
RO-EDU-2000-2010,Gas
SE-EDU-2000-2010,District
SE-EDU-2000-2010,Electricity
SE-EDU-2000-2010,Gas
SI-EDU-2000-2010,Gas
SK-EDU-2000-2010,Gas
AT-EDU-2011-2021,Electricity
AT-EDU-2011-2021,Gas
BE-EDU-2011-2021,Electricity
BE-EDU-2011-2021,Gas
BG-EDU-2011-2021,Gas
CY-EDU-2011-2021,Gas
CZ-EDU-2011-2021,Gas
DE-EDU-2011-2021,Electricity
DE-EDU-2011-2021,Gas
DK-EDU-2011-2021,District
DK-EDU-2011-2021,Electricity
DK-EDU-2011-2021,Gas
EE-EDU-2011-2021,District
EE-EDU-2011-2021,Electricity
EE-EDU-2011-2021,Gas
EL-EDU-2011-2021,Gas
ES-EDU-2011-2021,Gas
FI-EDU-2011-2021,District
FI-EDU-2011-2021,Electricity
FI-EDU-2011-2021,Gas
FR-EDU-2011-2021,Electricity
FR-EDU-2011-2021,Gas
HR-EDU-2011-2021,Gas
HU-EDU-2011-2021,Gas
IE-EDU-2011-2021,Electricity
IE-EDU-2011-2021,Gas
IT-EDU-2011-2021,Gas
LT-EDU-2011-2021,District
LT-EDU-2011-2021,Electricity
LT-EDU-2011-2021,Gas
LU-EDU-2011-2021,Electricity
LU-EDU-2011-2021,Gas
LV-EDU-2011-2021,District
LV-EDU-2011-2021,Electricity
LV-EDU-2011-2021,Gas
MT-EDU-2011-2021,Gas
NL-EDU-2011-2021,Electricity
NL-EDU-2011-2021,Gas
PL-EDU-2011-2021,Gas
PT-EDU-2011-2021,Gas
RO-EDU-2011-2021,Gas
SE-EDU-2011-2021,District
SE-EDU-2011-2021,Electricity
SE-EDU-2011-2021,Gas
SI-EDU-2011-2021,Gas
SK-EDU-2011-2021,Gas
AT-HEA-1850-1944,Electricity
AT-HEA-1850-1944,Gas
BE-HEA-1850-1944,Electricity
BE-HEA-1850-1944,Gas
BG-HEA-1850-1944,Gas
CY-HEA-1850-1944,Gas
CZ-HEA-1850-1944,Gas
DE-HEA-1850-1944,Electricity
DE-HEA-1850-1944,Gas
DK-HEA-1850-1944,District
DK-HEA-1850-1944,Electricity
DK-HEA-1850-1944,Gas
EE-HEA-1850-1944,District
EE-HEA-1850-1944,Electricity
EE-HEA-1850-1944,Gas
EL-HEA-1850-1944,Gas
ES-HEA-1850-1944,Gas
FI-HEA-1850-1944,District
FI-HEA-1850-1944,Electricity
FI-HEA-1850-1944,Gas
FR-HEA-1850-1944,Electricity
FR-HEA-1850-1944,Gas
HR-HEA-1850-1944,Gas
HU-HEA-1850-1944,Gas
IE-HEA-1850-1944,Electricity
IE-HEA-1850-1944,Gas
IT-HEA-1850-1944,Gas
LT-HEA-1850-1944,District
LT-HEA-1850-1944,Electricity
LT-HEA-1850-1944,Gas
LU-HEA-1850-1944,Electricity
LU-HEA-1850-1944,Gas
LV-HEA-1850-1944,District
LV-HEA-1850-1944,Electricity
LV-HEA-1850-1944,Gas
MT-HEA-1850-1944,Gas
NL-HEA-1850-1944,Electricity
NL-HEA-1850-1944,Gas
PL-HEA-1850-1944,Gas
PT-HEA-1850-1944,Gas
RO-HEA-1850-1944,Gas
SE-HEA-1850-1944,District
SE-HEA-1850-1944,Electricity
SE-HEA-1850-1944,Gas
SI-HEA-1850-1944,Gas
SK-HEA-1850-1944,Gas
AT-HEA-1945-1969,Electricity
AT-HEA-1945-1969,Gas
BE-HEA-1945-1969,Electricity
BE-HEA-1945-1969,Gas
BG-HEA-1945-1969,Gas
CY-HEA-1945-1969,Gas
CZ-HEA-1945-1969,Gas
DE-HEA-1945-1969,Electricity
DE-HEA-1945-1969,Gas
DK-HEA-1945-1969,District
DK-HEA-1945-1969,Electricity
DK-HEA-1945-1969,Gas
EE-HEA-1945-1969,District
EE-HEA-1945-1969,Electricity
EE-HEA-1945-1969,Gas
EL-HEA-1945-1969,Gas
ES-HEA-1945-1969,Gas
FI-HEA-1945-1969,District
FI-HEA-1945-1969,Electricity
FI-HEA-1945-1969,Gas
FR-HEA-1945-1969,Electricity
FR-HEA-1945-1969,Gas
HR-HEA-1945-1969,Gas
HU-HEA-1945-1969,Gas
IE-HEA-1945-1969,Electricity
IE-HEA-1945-1969,Gas
IT-HEA-1945-1969,Gas
LT-HEA-1945-1969,District
LT-HEA-1945-1969,Electricity
LT-HEA-1945-1969,Gas
LU-HEA-1945-1969,Electricity
LU-HEA-1945-1969,Gas
LV-HEA-1945-1969,District
LV-HEA-1945-1969,Electricity
LV-HEA-1945-1969,Gas
MT-HEA-1945-1969,Gas
NL-HEA-1945-1969,Electricity
NL-HEA-1945-1969,Gas
PL-HEA-1945-1969,Gas
PT-HEA-1945-1969,Gas
RO-HEA-1945-1969,Gas
SE-HEA-1945-1969,District
SE-HEA-1945-1969,Electricity
SE-HEA-1945-1969,Gas
SI-HEA-1945-1969,Gas
SK-HEA-1945-1969,Gas
AT-HEA-1970-1979,Electricity
AT-HEA-1970-1979,Gas
BE-HEA-1970-1979,Electricity
BE-HEA-1970-1979,Gas
BG-HEA-1970-1979,Gas
CY-HEA-1970-1979,Gas
CZ-HEA-1970-1979,Gas
DE-HEA-1970-1979,Electricity
DE-HEA-1970-1979,Gas
DK-HEA-1970-1979,District
DK-HEA-1970-1979,Electricity
DK-HEA-1970-1979,Gas
EE-HEA-1970-1979,District
EE-HEA-1970-1979,Electricity
EE-HEA-1970-1979,Gas
EL-HEA-1970-1979,Gas
ES-HEA-1970-1979,Gas
FI-HEA-1970-1979,District
FI-HEA-1970-1979,Electricity
FI-HEA-1970-1979,Gas
FR-HEA-1970-1979,Electricity
FR-HEA-1970-1979,Gas
HR-HEA-1970-1979,Gas
HU-HEA-1970-1979,Gas
IE-HEA-1970-1979,Electricity
IE-HEA-1970-1979,Gas
IT-HEA-1970-1979,Gas
LT-HEA-1970-1979,District
LT-HEA-1970-1979,Electricity
LT-HEA-1970-1979,Gas
LU-HEA-1970-1979,Electricity
LU-HEA-1970-1979,Gas
LV-HEA-1970-1979,District
LV-HEA-1970-1979,Electricity
LV-HEA-1970-1979,Gas
MT-HEA-1970-1979,Gas
NL-HEA-1970-1979,Electricity
NL-HEA-1970-1979,Gas
PL-HEA-1970-1979,Gas
PT-HEA-1970-1979,Gas
RO-HEA-1970-1979,Gas
SE-HEA-1970-1979,District
SE-HEA-1970-1979,Electricity
SE-HEA-1970-1979,Gas
SI-HEA-1970-1979,Gas
SK-HEA-1970-1979,Gas
AT-HEA-1980-1989,Electricity
AT-HEA-1980-1989,Gas
BE-HEA-1980-1989,Electricity
BE-HEA-1980-1989,Gas
BG-HEA-1980-1989,Gas
CY-HEA-1980-1989,Gas
CZ-HEA-1980-1989,Gas
DE-HEA-1980-1989,Electricity
DE-HEA-1980-1989,Gas
DK-HEA-1980-1989,District
DK-HEA-1980-1989,Electricity
DK-HEA-1980-1989,Gas
EE-HEA-1980-1989,District
EE-HEA-1980-1989,Electricity
EE-HEA-1980-1989,Gas
EL-HEA-1980-1989,Gas
ES-HEA-1980-1989,Gas
FI-HEA-1980-1989,District
FI-HEA-1980-1989,Electricity
FI-HEA-1980-1989,Gas
FR-HEA-1980-1989,Electricity
FR-HEA-1980-1989,Gas
HR-HEA-1980-1989,Gas
HU-HEA-1980-1989,Gas
IE-HEA-1980-1989,Electricity
IE-HEA-1980-1989,Gas
IT-HEA-1980-1989,Gas
LT-HEA-1980-1989,District
LT-HEA-1980-1989,Electricity
LT-HEA-1980-1989,Gas
LU-HEA-1980-1989,Electricity
LU-HEA-1980-1989,Gas
LV-HEA-1980-1989,District
LV-HEA-1980-1989,Electricity
LV-HEA-1980-1989,Gas
MT-HEA-1980-1989,Gas
NL-HEA-1980-1989,Electricity
NL-HEA-1980-1989,Gas
PL-HEA-1980-1989,Gas
PT-HEA-1980-1989,Gas
RO-HEA-1980-1989,Gas
SE-HEA-1980-1989,District
SE-HEA-1980-1989,Electricity
SE-HEA-1980-1989,Gas
SI-HEA-1980-1989,Gas
SK-HEA-1980-1989,Gas
AT-HEA-1990-1999,Electricity
AT-HEA-1990-1999,Gas
BE-HEA-1990-1999,Electricity
BE-HEA-1990-1999,Gas
BG-HEA-1990-1999,Gas
CY-HEA-1990-1999,Gas
CZ-HEA-1990-1999,Gas
DE-HEA-1990-1999,Electricity
DE-HEA-1990-1999,Gas
DK-HEA-1990-1999,District
DK-HEA-1990-1999,Electricity
DK-HEA-1990-1999,Gas
EE-HEA-1990-1999,District
EE-HEA-1990-1999,Electricity
EE-HEA-1990-1999,Gas
EL-HEA-1990-1999,Gas
ES-HEA-1990-1999,Gas
FI-HEA-1990-1999,District
FI-HEA-1990-1999,Electricity
FI-HEA-1990-1999,Gas
FR-HEA-1990-1999,Electricity
FR-HEA-1990-1999,Gas
HR-HEA-1990-1999,Gas
HU-HEA-1990-1999,Gas
IE-HEA-1990-1999,Electricity
IE-HEA-1990-1999,Gas
IT-HEA-1990-1999,Gas
LT-HEA-1990-1999,District
LT-HEA-1990-1999,Electricity
LT-HEA-1990-1999,Gas
LU-HEA-1990-1999,Electricity
LU-HEA-1990-1999,Gas
LV-HEA-1990-1999,District
LV-HEA-1990-1999,Electricity
LV-HEA-1990-1999,Gas
MT-HEA-1990-1999,Gas
NL-HEA-1990-1999,Electricity
NL-HEA-1990-1999,Gas
PL-HEA-1990-1999,Gas
PT-HEA-1990-1999,Gas
RO-HEA-1990-1999,Gas
SE-HEA-1990-1999,District
SE-HEA-1990-1999,Electricity
SE-HEA-1990-1999,Gas
SI-HEA-1990-1999,Gas
SK-HEA-1990-1999,Gas
AT-HEA-2000-2010,Electricity
AT-HEA-2000-2010,Gas
BE-HEA-2000-2010,Electricity
BE-HEA-2000-2010,Gas
BG-HEA-2000-2010,Gas
CY-HEA-2000-2010,Gas
CZ-HEA-2000-2010,Gas
DE-HEA-2000-2010,Electricity
DE-HEA-2000-2010,Gas
DK-HEA-2000-2010,District
DK-HEA-2000-2010,Electricity
DK-HEA-2000-2010,Gas
EE-HEA-2000-2010,District
EE-HEA-2000-2010,Electricity
EE-HEA-2000-2010,Gas
EL-HEA-2000-2010,Gas
ES-HEA-2000-2010,Gas
FI-HEA-2000-2010,District
FI-HEA-2000-2010,Electricity
FI-HEA-2000-2010,Gas
FR-HEA-2000-2010,Electricity
FR-HEA-2000-2010,Gas
HR-HEA-2000-2010,Gas
HU-HEA-2000-2010,Gas
IE-HEA-2000-2010,Electricity
IE-HEA-2000-2010,Gas
IT-HEA-2000-2010,Gas
LT-HEA-2000-2010,District
LT-HEA-2000-2010,Electricity
LT-HEA-2000-2010,Gas
LU-HEA-2000-2010,Electricity
LU-HEA-2000-2010,Gas
LV-HEA-2000-2010,District
LV-HEA-2000-2010,Electricity
LV-HEA-2000-2010,Gas
MT-HEA-2000-2010,Gas
NL-HEA-2000-2010,Electricity
NL-HEA-2000-2010,Gas
PL-HEA-2000-2010,Gas
PT-HEA-2000-2010,Gas
RO-HEA-2000-2010,Gas
SE-HEA-2000-2010,District
SE-HEA-2000-2010,Electricity
SE-HEA-2000-2010,Gas
SI-HEA-2000-2010,Gas
SK-HEA-2000-2010,Gas
AT-HEA-2011-2021,Electricity
AT-HEA-2011-2021,Gas
BE-HEA-2011-2021,Electricity
BE-HEA-2011-2021,Gas
BG-HEA-2011-2021,Gas
CY-HEA-2011-2021,Gas
CZ-HEA-2011-2021,Gas
DE-HEA-2011-2021,Electricity
DE-HEA-2011-2021,Gas
DK-HEA-2011-2021,District
DK-HEA-2011-2021,Electricity
DK-HEA-2011-2021,Gas
EE-HEA-2011-2021,District
EE-HEA-2011-2021,Electricity
EE-HEA-2011-2021,Gas
EL-HEA-2011-2021,Gas
ES-HEA-2011-2021,Gas
FI-HEA-2011-2021,District
FI-HEA-2011-2021,Electricity
FI-HEA-2011-2021,Gas
FR-HEA-2011-2021,Electricity
FR-HEA-2011-2021,Gas
HR-HEA-2011-2021,Gas
HU-HEA-2011-2021,Gas
IE-HEA-2011-2021,Electricity
IE-HEA-2011-2021,Gas
IT-HEA-2011-2021,Gas
LT-HEA-2011-2021,District
LT-HEA-2011-2021,Electricity
LT-HEA-2011-2021,Gas
LU-HEA-2011-2021,Electricity
LU-HEA-2011-2021,Gas
LV-HEA-2011-2021,District
LV-HEA-2011-2021,Electricity
LV-HEA-2011-2021,Gas
MT-HEA-2011-2021,Gas
NL-HEA-2011-2021,Electricity
NL-HEA-2011-2021,Gas
PL-HEA-2011-2021,Gas
PT-HEA-2011-2021,Gas
RO-HEA-2011-2021,Gas
SE-HEA-2011-2021,District
SE-HEA-2011-2021,Electricity
SE-HEA-2011-2021,Gas
SI-HEA-2011-2021,Gas
SK-HEA-2011-2021,Gas
AT-HOR-1850-1944,Electricity
AT-HOR-1850-1944,Gas
BE-HOR-1850-1944,Electricity
BE-HOR-1850-1944,Gas
BG-HOR-1850-1944,Gas
CY-HOR-1850-1944,Gas
CZ-HOR-1850-1944,Gas
DE-HOR-1850-1944,Electricity
DE-HOR-1850-1944,Gas
DK-HOR-1850-1944,District
DK-HOR-1850-1944,Electricity
DK-HOR-1850-1944,Gas
EE-HOR-1850-1944,District
EE-HOR-1850-1944,Electricity
EE-HOR-1850-1944,Gas
EL-HOR-1850-1944,Gas
ES-HOR-1850-1944,Gas
FI-HOR-1850-1944,District
FI-HOR-1850-1944,Electricity
FI-HOR-1850-1944,Gas
FR-HOR-1850-1944,Electricity
FR-HOR-1850-1944,Gas
HR-HOR-1850-1944,Gas
HU-HOR-1850-1944,Gas
IE-HOR-1850-1944,Electricity
IE-HOR-1850-1944,Gas
IT-HOR-1850-1944,Gas
LT-HOR-1850-1944,District
LT-HOR-1850-1944,Electricity
LT-HOR-1850-1944,Gas
LU-HOR-1850-1944,Electricity
LU-HOR-1850-1944,Gas
LV-HOR-1850-1944,District
LV-HOR-1850-1944,Electricity
LV-HOR-1850-1944,Gas
MT-HOR-1850-1944,Gas
NL-HOR-1850-1944,Electricity
NL-HOR-1850-1944,Gas
PL-HOR-1850-1944,Gas
PT-HOR-1850-1944,Gas
RO-HOR-1850-1944,Gas
SE-HOR-1850-1944,District
SE-HOR-1850-1944,Electricity
SE-HOR-1850-1944,Gas
SI-HOR-1850-1944,Gas
SK-HOR-1850-1944,Gas
AT-HOR-1945-1969,Electricity
AT-HOR-1945-1969,Gas
BE-HOR-1945-1969,Electricity
BE-HOR-1945-1969,Gas
BG-HOR-1945-1969,Gas
CY-HOR-1945-1969,Gas
CZ-HOR-1945-1969,Gas
DE-HOR-1945-1969,Electricity
DE-HOR-1945-1969,Gas
DK-HOR-1945-1969,District
DK-HOR-1945-1969,Electricity
DK-HOR-1945-1969,Gas
EE-HOR-1945-1969,District
EE-HOR-1945-1969,Electricity
EE-HOR-1945-1969,Gas
EL-HOR-1945-1969,Gas
ES-HOR-1945-1969,Gas
FI-HOR-1945-1969,District
FI-HOR-1945-1969,Electricity
FI-HOR-1945-1969,Gas
FR-HOR-1945-1969,Electricity
FR-HOR-1945-1969,Gas
HR-HOR-1945-1969,Gas
HU-HOR-1945-1969,Gas
IE-HOR-1945-1969,Electricity
IE-HOR-1945-1969,Gas
IT-HOR-1945-1969,Gas
LT-HOR-1945-1969,District
LT-HOR-1945-1969,Electricity
LT-HOR-1945-1969,Gas
LU-HOR-1945-1969,Electricity
LU-HOR-1945-1969,Gas
LV-HOR-1945-1969,District
LV-HOR-1945-1969,Electricity
LV-HOR-1945-1969,Gas
MT-HOR-1945-1969,Gas
NL-HOR-1945-1969,Electricity
NL-HOR-1945-1969,Gas
PL-HOR-1945-1969,Gas
PT-HOR-1945-1969,Gas
RO-HOR-1945-1969,Gas
SE-HOR-1945-1969,District
SE-HOR-1945-1969,Electricity
SE-HOR-1945-1969,Gas
SI-HOR-1945-1969,Gas
SK-HOR-1945-1969,Gas
AT-HOR-1970-1979,Electricity
AT-HOR-1970-1979,Gas
BE-HOR-1970-1979,Electricity
BE-HOR-1970-1979,Gas
BG-HOR-1970-1979,Gas
CY-HOR-1970-1979,Gas
CZ-HOR-1970-1979,Gas
DE-HOR-1970-1979,Electricity
DE-HOR-1970-1979,Gas
DK-HOR-1970-1979,District
DK-HOR-1970-1979,Electricity
DK-HOR-1970-1979,Gas
EE-HOR-1970-1979,District
EE-HOR-1970-1979,Electricity
EE-HOR-1970-1979,Gas
EL-HOR-1970-1979,Gas
ES-HOR-1970-1979,Gas
FI-HOR-1970-1979,District
FI-HOR-1970-1979,Electricity
FI-HOR-1970-1979,Gas
FR-HOR-1970-1979,Electricity
FR-HOR-1970-1979,Gas
HR-HOR-1970-1979,Gas
HU-HOR-1970-1979,Gas
IE-HOR-1970-1979,Electricity
IE-HOR-1970-1979,Gas
IT-HOR-1970-1979,Gas
LT-HOR-1970-1979,District
LT-HOR-1970-1979,Electricity
LT-HOR-1970-1979,Gas
LU-HOR-1970-1979,Electricity
LU-HOR-1970-1979,Gas
LV-HOR-1970-1979,District
LV-HOR-1970-1979,Electricity
LV-HOR-1970-1979,Gas
MT-HOR-1970-1979,Gas
NL-HOR-1970-1979,Electricity
NL-HOR-1970-1979,Gas
PL-HOR-1970-1979,Gas
PT-HOR-1970-1979,Gas
RO-HOR-1970-1979,Gas
SE-HOR-1970-1979,District
SE-HOR-1970-1979,Electricity
SE-HOR-1970-1979,Gas
SI-HOR-1970-1979,Gas
SK-HOR-1970-1979,Gas
AT-HOR-1980-1989,Electricity
AT-HOR-1980-1989,Gas
BE-HOR-1980-1989,Electricity
BE-HOR-1980-1989,Gas
BG-HOR-1980-1989,Gas
CY-HOR-1980-1989,Gas
CZ-HOR-1980-1989,Gas
DE-HOR-1980-1989,Electricity
DE-HOR-1980-1989,Gas
DK-HOR-1980-1989,District
DK-HOR-1980-1989,Electricity
DK-HOR-1980-1989,Gas
EE-HOR-1980-1989,District
EE-HOR-1980-1989,Electricity
EE-HOR-1980-1989,Gas
EL-HOR-1980-1989,Gas
ES-HOR-1980-1989,Gas
FI-HOR-1980-1989,District
FI-HOR-1980-1989,Electricity
FI-HOR-1980-1989,Gas
FR-HOR-1980-1989,Electricity
FR-HOR-1980-1989,Gas
HR-HOR-1980-1989,Gas
HU-HOR-1980-1989,Gas
IE-HOR-1980-1989,Electricity
IE-HOR-1980-1989,Gas
IT-HOR-1980-1989,Gas
LT-HOR-1980-1989,District
LT-HOR-1980-1989,Electricity
LT-HOR-1980-1989,Gas
LU-HOR-1980-1989,Electricity
LU-HOR-1980-1989,Gas
LV-HOR-1980-1989,District
LV-HOR-1980-1989,Electricity
LV-HOR-1980-1989,Gas
MT-HOR-1980-1989,Gas
NL-HOR-1980-1989,Electricity
NL-HOR-1980-1989,Gas
PL-HOR-1980-1989,Gas
PT-HOR-1980-1989,Gas
RO-HOR-1980-1989,Gas
SE-HOR-1980-1989,District
SE-HOR-1980-1989,Electricity
SE-HOR-1980-1989,Gas
SI-HOR-1980-1989,Gas
SK-HOR-1980-1989,Gas
AT-HOR-1990-1999,Electricity
AT-HOR-1990-1999,Gas
BE-HOR-1990-1999,Electricity
BE-HOR-1990-1999,Gas
BG-HOR-1990-1999,Gas
CY-HOR-1990-1999,Gas
CZ-HOR-1990-1999,Gas
DE-HOR-1990-1999,Electricity
DE-HOR-1990-1999,Gas
DK-HOR-1990-1999,District
DK-HOR-1990-1999,Electricity
DK-HOR-1990-1999,Gas
EE-HOR-1990-1999,District
EE-HOR-1990-1999,Electricity
EE-HOR-1990-1999,Gas
EL-HOR-1990-1999,Gas
ES-HOR-1990-1999,Gas
FI-HOR-1990-1999,District
FI-HOR-1990-1999,Electricity
FI-HOR-1990-1999,Gas
FR-HOR-1990-1999,Electricity
FR-HOR-1990-1999,Gas
HR-HOR-1990-1999,Gas
HU-HOR-1990-1999,Gas
IE-HOR-1990-1999,Electricity
IE-HOR-1990-1999,Gas
IT-HOR-1990-1999,Gas
LT-HOR-1990-1999,District
LT-HOR-1990-1999,Electricity
LT-HOR-1990-1999,Gas
LU-HOR-1990-1999,Electricity
LU-HOR-1990-1999,Gas
LV-HOR-1990-1999,District
LV-HOR-1990-1999,Electricity
LV-HOR-1990-1999,Gas
MT-HOR-1990-1999,Gas
NL-HOR-1990-1999,Electricity
NL-HOR-1990-1999,Gas
PL-HOR-1990-1999,Gas
PT-HOR-1990-1999,Gas
RO-HOR-1990-1999,Gas
SE-HOR-1990-1999,District
SE-HOR-1990-1999,Electricity
SE-HOR-1990-1999,Gas
SI-HOR-1990-1999,Gas
SK-HOR-1990-1999,Gas
AT-HOR-2000-2010,Electricity
AT-HOR-2000-2010,Gas
BE-HOR-2000-2010,Electricity
BE-HOR-2000-2010,Gas
BG-HOR-2000-2010,Gas
CY-HOR-2000-2010,Gas
CZ-HOR-2000-2010,Gas
DE-HOR-2000-2010,Electricity
DE-HOR-2000-2010,Gas
DK-HOR-2000-2010,District
DK-HOR-2000-2010,Electricity
DK-HOR-2000-2010,Gas
EE-HOR-2000-2010,District
EE-HOR-2000-2010,Electricity
EE-HOR-2000-2010,Gas
EL-HOR-2000-2010,Gas
ES-HOR-2000-2010,Gas
FI-HOR-2000-2010,District
FI-HOR-2000-2010,Electricity
FI-HOR-2000-2010,Gas
FR-HOR-2000-2010,Electricity
FR-HOR-2000-2010,Gas
HR-HOR-2000-2010,Gas
HU-HOR-2000-2010,Gas
IE-HOR-2000-2010,Electricity
IE-HOR-2000-2010,Gas
IT-HOR-2000-2010,Gas
LT-HOR-2000-2010,District
LT-HOR-2000-2010,Electricity
LT-HOR-2000-2010,Gas
LU-HOR-2000-2010,Electricity
LU-HOR-2000-2010,Gas
LV-HOR-2000-2010,District
LV-HOR-2000-2010,Electricity
LV-HOR-2000-2010,Gas
MT-HOR-2000-2010,Gas
NL-HOR-2000-2010,Electricity
NL-HOR-2000-2010,Gas
PL-HOR-2000-2010,Gas
PT-HOR-2000-2010,Gas
RO-HOR-2000-2010,Gas
SE-HOR-2000-2010,District
SE-HOR-2000-2010,Electricity
SE-HOR-2000-2010,Gas
SI-HOR-2000-2010,Gas
SK-HOR-2000-2010,Gas
AT-HOR-2011-2021,Electricity
AT-HOR-2011-2021,Gas
BE-HOR-2011-2021,Electricity
BE-HOR-2011-2021,Gas
BG-HOR-2011-2021,Gas
CY-HOR-2011-2021,Gas
CZ-HOR-2011-2021,Gas
DE-HOR-2011-2021,Electricity
DE-HOR-2011-2021,Gas
DK-HOR-2011-2021,District
DK-HOR-2011-2021,Electricity
DK-HOR-2011-2021,Gas
EE-HOR-2011-2021,District
EE-HOR-2011-2021,Electricity
EE-HOR-2011-2021,Gas
EL-HOR-2011-2021,Gas
ES-HOR-2011-2021,Gas
FI-HOR-2011-2021,District
FI-HOR-2011-2021,Electricity
FI-HOR-2011-2021,Gas
FR-HOR-2011-2021,Electricity
FR-HOR-2011-2021,Gas
HR-HOR-2011-2021,Gas
HU-HOR-2011-2021,Gas
IE-HOR-2011-2021,Electricity
IE-HOR-2011-2021,Gas
IT-HOR-2011-2021,Gas
LT-HOR-2011-2021,District
LT-HOR-2011-2021,Electricity
LT-HOR-2011-2021,Gas
LU-HOR-2011-2021,Electricity
LU-HOR-2011-2021,Gas
LV-HOR-2011-2021,District
LV-HOR-2011-2021,Electricity
LV-HOR-2011-2021,Gas
MT-HOR-2011-2021,Gas
NL-HOR-2011-2021,Electricity
NL-HOR-2011-2021,Gas
PL-HOR-2011-2021,Gas
PT-HOR-2011-2021,Gas
RO-HOR-2011-2021,Gas
SE-HOR-2011-2021,District
SE-HOR-2011-2021,Electricity
SE-HOR-2011-2021,Gas
SI-HOR-2011-2021,Gas
SK-HOR-2011-2021,Gas
AT-OFF-1850-1944,Electricity
AT-OFF-1850-1944,Gas
BE-OFF-1850-1944,Electricity
BE-OFF-1850-1944,Gas
BG-OFF-1850-1944,Gas
CY-OFF-1850-1944,Gas
CZ-OFF-1850-1944,Gas
DE-OFF-1850-1944,Electricity
DE-OFF-1850-1944,Gas
DK-OFF-1850-1944,District
DK-OFF-1850-1944,Electricity
DK-OFF-1850-1944,Gas
EE-OFF-1850-1944,District
EE-OFF-1850-1944,Electricity
EE-OFF-1850-1944,Gas
EL-OFF-1850-1944,Gas
ES-OFF-1850-1944,Gas
FI-OFF-1850-1944,District
FI-OFF-1850-1944,Electricity
FI-OFF-1850-1944,Gas
FR-OFF-1850-1944,Electricity
FR-OFF-1850-1944,Gas
HR-OFF-1850-1944,Gas
HU-OFF-1850-1944,Gas
IE-OFF-1850-1944,Electricity
IE-OFF-1850-1944,Gas
IT-OFF-1850-1944,Gas
LT-OFF-1850-1944,District
LT-OFF-1850-1944,Electricity
LT-OFF-1850-1944,Gas
LU-OFF-1850-1944,Electricity
LU-OFF-1850-1944,Gas
LV-OFF-1850-1944,District
LV-OFF-1850-1944,Electricity
LV-OFF-1850-1944,Gas
MT-OFF-1850-1944,Gas
NL-OFF-1850-1944,Electricity
NL-OFF-1850-1944,Gas
PL-OFF-1850-1944,Gas
PT-OFF-1850-1944,Gas
RO-OFF-1850-1944,Gas
SE-OFF-1850-1944,District
SE-OFF-1850-1944,Electricity
SE-OFF-1850-1944,Gas
SI-OFF-1850-1944,Gas
SK-OFF-1850-1944,Gas
AT-OFF-1945-1969,Electricity
AT-OFF-1945-1969,Gas
BE-OFF-1945-1969,Electricity
BE-OFF-1945-1969,Gas
BG-OFF-1945-1969,Gas
CY-OFF-1945-1969,Gas
CZ-OFF-1945-1969,Gas
DE-OFF-1945-1969,Electricity
DE-OFF-1945-1969,Gas
DK-OFF-1945-1969,District
DK-OFF-1945-1969,Electricity
DK-OFF-1945-1969,Gas
EE-OFF-1945-1969,District
EE-OFF-1945-1969,Electricity
EE-OFF-1945-1969,Gas
EL-OFF-1945-1969,Gas
ES-OFF-1945-1969,Gas
FI-OFF-1945-1969,District
FI-OFF-1945-1969,Electricity
FI-OFF-1945-1969,Gas
FR-OFF-1945-1969,Electricity
FR-OFF-1945-1969,Gas
HR-OFF-1945-1969,Gas
HU-OFF-1945-1969,Gas
IE-OFF-1945-1969,Electricity
IE-OFF-1945-1969,Gas
IT-OFF-1945-1969,Gas
LT-OFF-1945-1969,District
LT-OFF-1945-1969,Electricity
LT-OFF-1945-1969,Gas
LU-OFF-1945-1969,Electricity
LU-OFF-1945-1969,Gas
LV-OFF-1945-1969,District
LV-OFF-1945-1969,Electricity
LV-OFF-1945-1969,Gas
MT-OFF-1945-1969,Gas
NL-OFF-1945-1969,Electricity
NL-OFF-1945-1969,Gas
PL-OFF-1945-1969,Gas
PT-OFF-1945-1969,Gas
RO-OFF-1945-1969,Gas
SE-OFF-1945-1969,District
SE-OFF-1945-1969,Electricity
SE-OFF-1945-1969,Gas
SI-OFF-1945-1969,Gas
SK-OFF-1945-1969,Gas
AT-OFF-1970-1979,Electricity
AT-OFF-1970-1979,Gas
BE-OFF-1970-1979,Electricity
BE-OFF-1970-1979,Gas
BG-OFF-1970-1979,Gas
CY-OFF-1970-1979,Gas
CZ-OFF-1970-1979,Gas
DE-OFF-1970-1979,Electricity
DE-OFF-1970-1979,Gas
DK-OFF-1970-1979,District
DK-OFF-1970-1979,Electricity
DK-OFF-1970-1979,Gas
EE-OFF-1970-1979,District
EE-OFF-1970-1979,Electricity
EE-OFF-1970-1979,Gas
EL-OFF-1970-1979,Gas
ES-OFF-1970-1979,Gas
FI-OFF-1970-1979,District
FI-OFF-1970-1979,Electricity
FI-OFF-1970-1979,Gas
FR-OFF-1970-1979,Electricity
FR-OFF-1970-1979,Gas
HR-OFF-1970-1979,Gas
HU-OFF-1970-1979,Gas
IE-OFF-1970-1979,Electricity
IE-OFF-1970-1979,Gas
IT-OFF-1970-1979,Gas
LT-OFF-1970-1979,District
LT-OFF-1970-1979,Electricity
LT-OFF-1970-1979,Gas
LU-OFF-1970-1979,Electricity
LU-OFF-1970-1979,Gas
LV-OFF-1970-1979,District
LV-OFF-1970-1979,Electricity
LV-OFF-1970-1979,Gas
MT-OFF-1970-1979,Gas
NL-OFF-1970-1979,Electricity
NL-OFF-1970-1979,Gas
PL-OFF-1970-1979,Gas
PT-OFF-1970-1979,Gas
RO-OFF-1970-1979,Gas
SE-OFF-1970-1979,District
SE-OFF-1970-1979,Electricity
SE-OFF-1970-1979,Gas
SI-OFF-1970-1979,Gas
SK-OFF-1970-1979,Gas
AT-OFF-1980-1989,Electricity
AT-OFF-1980-1989,Gas
BE-OFF-1980-1989,Electricity
BE-OFF-1980-1989,Gas
BG-OFF-1980-1989,Gas
CY-OFF-1980-1989,Gas
CZ-OFF-1980-1989,Gas
DE-OFF-1980-1989,Electricity
DE-OFF-1980-1989,Gas
DK-OFF-1980-1989,District
DK-OFF-1980-1989,Electricity
DK-OFF-1980-1989,Gas
EE-OFF-1980-1989,District
EE-OFF-1980-1989,Electricity
EE-OFF-1980-1989,Gas
EL-OFF-1980-1989,Gas
ES-OFF-1980-1989,Gas
FI-OFF-1980-1989,District
FI-OFF-1980-1989,Electricity
FI-OFF-1980-1989,Gas
FR-OFF-1980-1989,Electricity
FR-OFF-1980-1989,Gas
HR-OFF-1980-1989,Gas
HU-OFF-1980-1989,Gas
IE-OFF-1980-1989,Electricity
IE-OFF-1980-1989,Gas
IT-OFF-1980-1989,Gas
LT-OFF-1980-1989,District
LT-OFF-1980-1989,Electricity
LT-OFF-1980-1989,Gas
LU-OFF-1980-1989,Electricity
LU-OFF-1980-1989,Gas
LV-OFF-1980-1989,District
LV-OFF-1980-1989,Electricity
LV-OFF-1980-1989,Gas
MT-OFF-1980-1989,Gas
NL-OFF-1980-1989,Electricity
NL-OFF-1980-1989,Gas
PL-OFF-1980-1989,Gas
PT-OFF-1980-1989,Gas
RO-OFF-1980-1989,Gas
SE-OFF-1980-1989,District
SE-OFF-1980-1989,Electricity
SE-OFF-1980-1989,Gas
SI-OFF-1980-1989,Gas
SK-OFF-1980-1989,Gas
AT-OFF-1990-1999,Electricity
AT-OFF-1990-1999,Gas
BE-OFF-1990-1999,Electricity
BE-OFF-1990-1999,Gas
BG-OFF-1990-1999,Gas
CY-OFF-1990-1999,Gas
CZ-OFF-1990-1999,Gas
DE-OFF-1990-1999,Electricity
DE-OFF-1990-1999,Gas
DK-OFF-1990-1999,District
DK-OFF-1990-1999,Electricity
DK-OFF-1990-1999,Gas
EE-OFF-1990-1999,District
EE-OFF-1990-1999,Electricity
EE-OFF-1990-1999,Gas
EL-OFF-1990-1999,Gas
ES-OFF-1990-1999,Gas
FI-OFF-1990-1999,District
FI-OFF-1990-1999,Electricity
FI-OFF-1990-1999,Gas
FR-OFF-1990-1999,Electricity
FR-OFF-1990-1999,Gas
HR-OFF-1990-1999,Gas
HU-OFF-1990-1999,Gas
IE-OFF-1990-1999,Electricity
IE-OFF-1990-1999,Gas
IT-OFF-1990-1999,Gas
LT-OFF-1990-1999,District
LT-OFF-1990-1999,Electricity
LT-OFF-1990-1999,Gas
LU-OFF-1990-1999,Electricity
LU-OFF-1990-1999,Gas
LV-OFF-1990-1999,District
LV-OFF-1990-1999,Electricity
LV-OFF-1990-1999,Gas
MT-OFF-1990-1999,Gas
NL-OFF-1990-1999,Electricity
NL-OFF-1990-1999,Gas
PL-OFF-1990-1999,Gas
PT-OFF-1990-1999,Gas
RO-OFF-1990-1999,Gas
SE-OFF-1990-1999,District
SE-OFF-1990-1999,Electricity
SE-OFF-1990-1999,Gas
SI-OFF-1990-1999,Gas
SK-OFF-1990-1999,Gas
AT-OFF-2000-2010,Electricity
AT-OFF-2000-2010,Gas
BE-OFF-2000-2010,Electricity
BE-OFF-2000-2010,Gas
BG-OFF-2000-2010,Gas
CY-OFF-2000-2010,Gas
CZ-OFF-2000-2010,Gas
DE-OFF-2000-2010,Electricity
DE-OFF-2000-2010,Gas
DK-OFF-2000-2010,District
DK-OFF-2000-2010,Electricity
DK-OFF-2000-2010,Gas
EE-OFF-2000-2010,District
EE-OFF-2000-2010,Electricity
EE-OFF-2000-2010,Gas
EL-OFF-2000-2010,Gas
ES-OFF-2000-2010,Gas
FI-OFF-2000-2010,District
FI-OFF-2000-2010,Electricity
FI-OFF-2000-2010,Gas
FR-OFF-2000-2010,Electricity
FR-OFF-2000-2010,Gas
HR-OFF-2000-2010,Gas
HU-OFF-2000-2010,Gas
IE-OFF-2000-2010,Electricity
IE-OFF-2000-2010,Gas
IT-OFF-2000-2010,Gas
LT-OFF-2000-2010,District
LT-OFF-2000-2010,Electricity
LT-OFF-2000-2010,Gas
LU-OFF-2000-2010,Electricity
LU-OFF-2000-2010,Gas
LV-OFF-2000-2010,District
LV-OFF-2000-2010,Electricity
LV-OFF-2000-2010,Gas
MT-OFF-2000-2010,Gas
NL-OFF-2000-2010,Electricity
NL-OFF-2000-2010,Gas
PL-OFF-2000-2010,Gas
PT-OFF-2000-2010,Gas
RO-OFF-2000-2010,Gas
SE-OFF-2000-2010,District
SE-OFF-2000-2010,Electricity
SE-OFF-2000-2010,Gas
SI-OFF-2000-2010,Gas
SK-OFF-2000-2010,Gas
AT-OFF-2011-2021,Electricity
AT-OFF-2011-2021,Gas
BE-OFF-2011-2021,Electricity
BE-OFF-2011-2021,Gas
BG-OFF-2011-2021,Gas
CY-OFF-2011-2021,Gas
CZ-OFF-2011-2021,Gas
DE-OFF-2011-2021,Electricity
DE-OFF-2011-2021,Gas
DK-OFF-2011-2021,District
DK-OFF-2011-2021,Electricity
DK-OFF-2011-2021,Gas
EE-OFF-2011-2021,District
EE-OFF-2011-2021,Electricity
EE-OFF-2011-2021,Gas
EL-OFF-2011-2021,Gas
ES-OFF-2011-2021,Gas
FI-OFF-2011-2021,District
FI-OFF-2011-2021,Electricity
FI-OFF-2011-2021,Gas
FR-OFF-2011-2021,Electricity
FR-OFF-2011-2021,Gas
HR-OFF-2011-2021,Gas
HU-OFF-2011-2021,Gas
IE-OFF-2011-2021,Electricity
IE-OFF-2011-2021,Gas
IT-OFF-2011-2021,Gas
LT-OFF-2011-2021,District
LT-OFF-2011-2021,Electricity
LT-OFF-2011-2021,Gas
LU-OFF-2011-2021,Electricity
LU-OFF-2011-2021,Gas
LV-OFF-2011-2021,District
LV-OFF-2011-2021,Electricity
LV-OFF-2011-2021,Gas
MT-OFF-2011-2021,Gas
NL-OFF-2011-2021,Electricity
NL-OFF-2011-2021,Gas
PL-OFF-2011-2021,Gas
PT-OFF-2011-2021,Gas
RO-OFF-2011-2021,Gas
SE-OFF-2011-2021,District
SE-OFF-2011-2021,Electricity
SE-OFF-2011-2021,Gas
SI-OFF-2011-2021,Gas
SK-OFF-2011-2021,Gas
AT-OTH-1850-1944,Electricity
AT-OTH-1850-1944,Gas
BE-OTH-1850-1944,Electricity
BE-OTH-1850-1944,Gas
BG-OTH-1850-1944,Gas
CY-OTH-1850-1944,Gas
CZ-OTH-1850-1944,Gas
DE-OTH-1850-1944,Electricity
DE-OTH-1850-1944,Gas
DK-OTH-1850-1944,District
DK-OTH-1850-1944,Electricity
DK-OTH-1850-1944,Gas
EE-OTH-1850-1944,District
EE-OTH-1850-1944,Electricity
EE-OTH-1850-1944,Gas
EL-OTH-1850-1944,Gas
ES-OTH-1850-1944,Gas
FI-OTH-1850-1944,District
FI-OTH-1850-1944,Electricity
FI-OTH-1850-1944,Gas
FR-OTH-1850-1944,Electricity
FR-OTH-1850-1944,Gas
HR-OTH-1850-1944,Gas
HU-OTH-1850-1944,Gas
IE-OTH-1850-1944,Electricity
IE-OTH-1850-1944,Gas
IT-OTH-1850-1944,Gas
LT-OTH-1850-1944,District
LT-OTH-1850-1944,Electricity
LT-OTH-1850-1944,Gas
LU-OTH-1850-1944,Electricity
LU-OTH-1850-1944,Gas
LV-OTH-1850-1944,District
LV-OTH-1850-1944,Electricity
LV-OTH-1850-1944,Gas
MT-OTH-1850-1944,Gas
NL-OTH-1850-1944,Electricity
NL-OTH-1850-1944,Gas
PL-OTH-1850-1944,Gas
PT-OTH-1850-1944,Gas
RO-OTH-1850-1944,Gas
SE-OTH-1850-1944,District
SE-OTH-1850-1944,Electricity
SE-OTH-1850-1944,Gas
SI-OTH-1850-1944,Gas
SK-OTH-1850-1944,Gas
AT-OTH-1945-1969,Electricity
AT-OTH-1945-1969,Gas
BE-OTH-1945-1969,Electricity
BE-OTH-1945-1969,Gas
BG-OTH-1945-1969,Gas
CY-OTH-1945-1969,Gas
CZ-OTH-1945-1969,Gas
DE-OTH-1945-1969,Electricity
DE-OTH-1945-1969,Gas
DK-OTH-1945-1969,District
DK-OTH-1945-1969,Electricity
DK-OTH-1945-1969,Gas
EE-OTH-1945-1969,District
EE-OTH-1945-1969,Electricity
EE-OTH-1945-1969,Gas
EL-OTH-1945-1969,Gas
ES-OTH-1945-1969,Gas
FI-OTH-1945-1969,District
FI-OTH-1945-1969,Electricity
FI-OTH-1945-1969,Gas
FR-OTH-1945-1969,Electricity
FR-OTH-1945-1969,Gas
HR-OTH-1945-1969,Gas
HU-OTH-1945-1969,Gas
IE-OTH-1945-1969,Electricity
IE-OTH-1945-1969,Gas
IT-OTH-1945-1969,Gas
LT-OTH-1945-1969,District
LT-OTH-1945-1969,Electricity
LT-OTH-1945-1969,Gas
LU-OTH-1945-1969,Electricity
LU-OTH-1945-1969,Gas
LV-OTH-1945-1969,District
LV-OTH-1945-1969,Electricity
LV-OTH-1945-1969,Gas
MT-OTH-1945-1969,Gas
NL-OTH-1945-1969,Electricity
NL-OTH-1945-1969,Gas
PL-OTH-1945-1969,Gas
PT-OTH-1945-1969,Gas
RO-OTH-1945-1969,Gas
SE-OTH-1945-1969,District
SE-OTH-1945-1969,Electricity
SE-OTH-1945-1969,Gas
SI-OTH-1945-1969,Gas
SK-OTH-1945-1969,Gas
AT-OTH-1970-1979,Electricity
AT-OTH-1970-1979,Gas
BE-OTH-1970-1979,Electricity
BE-OTH-1970-1979,Gas
BG-OTH-1970-1979,Gas
CY-OTH-1970-1979,Gas
CZ-OTH-1970-1979,Gas
DE-OTH-1970-1979,Electricity
DE-OTH-1970-1979,Gas
DK-OTH-1970-1979,District
DK-OTH-1970-1979,Electricity
DK-OTH-1970-1979,Gas
EE-OTH-1970-1979,District
EE-OTH-1970-1979,Electricity
EE-OTH-1970-1979,Gas
EL-OTH-1970-1979,Gas
ES-OTH-1970-1979,Gas
FI-OTH-1970-1979,District
FI-OTH-1970-1979,Electricity
FI-OTH-1970-1979,Gas
FR-OTH-1970-1979,Electricity
FR-OTH-1970-1979,Gas
HR-OTH-1970-1979,Gas
HU-OTH-1970-1979,Gas
IE-OTH-1970-1979,Electricity
IE-OTH-1970-1979,Gas
IT-OTH-1970-1979,Gas
LT-OTH-1970-1979,District
LT-OTH-1970-1979,Electricity
LT-OTH-1970-1979,Gas
LU-OTH-1970-1979,Electricity
LU-OTH-1970-1979,Gas
LV-OTH-1970-1979,District
LV-OTH-1970-1979,Electricity
LV-OTH-1970-1979,Gas
MT-OTH-1970-1979,Gas
NL-OTH-1970-1979,Electricity
NL-OTH-1970-1979,Gas
PL-OTH-1970-1979,Gas
PT-OTH-1970-1979,Gas
RO-OTH-1970-1979,Gas
SE-OTH-1970-1979,District
SE-OTH-1970-1979,Electricity
SE-OTH-1970-1979,Gas
SI-OTH-1970-1979,Gas
SK-OTH-1970-1979,Gas
AT-OTH-1980-1989,Electricity
AT-OTH-1980-1989,Gas
BE-OTH-1980-1989,Electricity
BE-OTH-1980-1989,Gas
BG-OTH-1980-1989,Gas
CY-OTH-1980-1989,Gas
CZ-OTH-1980-1989,Gas
DE-OTH-1980-1989,Electricity
DE-OTH-1980-1989,Gas
DK-OTH-1980-1989,District
DK-OTH-1980-1989,Electricity
DK-OTH-1980-1989,Gas
EE-OTH-1980-1989,District
EE-OTH-1980-1989,Electricity
EE-OTH-1980-1989,Gas
EL-OTH-1980-1989,Gas
ES-OTH-1980-1989,Gas
FI-OTH-1980-1989,District
FI-OTH-1980-1989,Electricity
FI-OTH-1980-1989,Gas
FR-OTH-1980-1989,Electricity
FR-OTH-1980-1989,Gas
HR-OTH-1980-1989,Gas
HU-OTH-1980-1989,Gas
IE-OTH-1980-1989,Electricity
IE-OTH-1980-1989,Gas
IT-OTH-1980-1989,Gas
LT-OTH-1980-1989,District
LT-OTH-1980-1989,Electricity
LT-OTH-1980-1989,Gas
LU-OTH-1980-1989,Electricity
LU-OTH-1980-1989,Gas
LV-OTH-1980-1989,District
LV-OTH-1980-1989,Electricity
LV-OTH-1980-1989,Gas
MT-OTH-1980-1989,Gas
NL-OTH-1980-1989,Electricity
NL-OTH-1980-1989,Gas
PL-OTH-1980-1989,Gas
PT-OTH-1980-1989,Gas
RO-OTH-1980-1989,Gas
SE-OTH-1980-1989,District
SE-OTH-1980-1989,Electricity
SE-OTH-1980-1989,Gas
SI-OTH-1980-1989,Gas
SK-OTH-1980-1989,Gas
AT-OTH-1990-1999,Electricity
AT-OTH-1990-1999,Gas
BE-OTH-1990-1999,Electricity
BE-OTH-1990-1999,Gas
BG-OTH-1990-1999,Gas
CY-OTH-1990-1999,Gas
CZ-OTH-1990-1999,Gas
DE-OTH-1990-1999,Electricity
DE-OTH-1990-1999,Gas
DK-OTH-1990-1999,District
DK-OTH-1990-1999,Electricity
DK-OTH-1990-1999,Gas
EE-OTH-1990-1999,District
EE-OTH-1990-1999,Electricity
EE-OTH-1990-1999,Gas
EL-OTH-1990-1999,Gas
ES-OTH-1990-1999,Gas
FI-OTH-1990-1999,District
FI-OTH-1990-1999,Electricity
FI-OTH-1990-1999,Gas
FR-OTH-1990-1999,Electricity
FR-OTH-1990-1999,Gas
HR-OTH-1990-1999,Gas
HU-OTH-1990-1999,Gas
IE-OTH-1990-1999,Electricity
IE-OTH-1990-1999,Gas
IT-OTH-1990-1999,Gas
LT-OTH-1990-1999,District
LT-OTH-1990-1999,Electricity
LT-OTH-1990-1999,Gas
LU-OTH-1990-1999,Electricity
LU-OTH-1990-1999,Gas
LV-OTH-1990-1999,District
LV-OTH-1990-1999,Electricity
LV-OTH-1990-1999,Gas
MT-OTH-1990-1999,Gas
NL-OTH-1990-1999,Electricity
NL-OTH-1990-1999,Gas
PL-OTH-1990-1999,Gas
PT-OTH-1990-1999,Gas
RO-OTH-1990-1999,Gas
SE-OTH-1990-1999,District
SE-OTH-1990-1999,Electricity
SE-OTH-1990-1999,Gas
SI-OTH-1990-1999,Gas
SK-OTH-1990-1999,Gas
AT-OTH-2000-2010,Electricity
AT-OTH-2000-2010,Gas
BE-OTH-2000-2010,Electricity
BE-OTH-2000-2010,Gas
BG-OTH-2000-2010,Gas
CY-OTH-2000-2010,Gas
CZ-OTH-2000-2010,Gas
DE-OTH-2000-2010,Electricity
DE-OTH-2000-2010,Gas
DK-OTH-2000-2010,District
DK-OTH-2000-2010,Electricity
DK-OTH-2000-2010,Gas
EE-OTH-2000-2010,District
EE-OTH-2000-2010,Electricity
EE-OTH-2000-2010,Gas
EL-OTH-2000-2010,Gas
ES-OTH-2000-2010,Gas
FI-OTH-2000-2010,District
FI-OTH-2000-2010,Electricity
FI-OTH-2000-2010,Gas
FR-OTH-2000-2010,Electricity
FR-OTH-2000-2010,Gas
HR-OTH-2000-2010,Gas
HU-OTH-2000-2010,Gas
IE-OTH-2000-2010,Electricity
IE-OTH-2000-2010,Gas
IT-OTH-2000-2010,Gas
LT-OTH-2000-2010,District
LT-OTH-2000-2010,Electricity
LT-OTH-2000-2010,Gas
LU-OTH-2000-2010,Electricity
LU-OTH-2000-2010,Gas
LV-OTH-2000-2010,District
LV-OTH-2000-2010,Electricity
LV-OTH-2000-2010,Gas
MT-OTH-2000-2010,Gas
NL-OTH-2000-2010,Electricity
NL-OTH-2000-2010,Gas
PL-OTH-2000-2010,Gas
PT-OTH-2000-2010,Gas
RO-OTH-2000-2010,Gas
SE-OTH-2000-2010,District
SE-OTH-2000-2010,Electricity
SE-OTH-2000-2010,Gas
SI-OTH-2000-2010,Gas
SK-OTH-2000-2010,Gas
AT-OTH-2011-2021,Electricity
AT-OTH-2011-2021,Gas
BE-OTH-2011-2021,Electricity
BE-OTH-2011-2021,Gas
BG-OTH-2011-2021,Gas
CY-OTH-2011-2021,Gas
CZ-OTH-2011-2021,Gas
DE-OTH-2011-2021,Electricity
DE-OTH-2011-2021,Gas
DK-OTH-2011-2021,District
DK-OTH-2011-2021,Electricity
DK-OTH-2011-2021,Gas
EE-OTH-2011-2021,District
EE-OTH-2011-2021,Electricity
EE-OTH-2011-2021,Gas
EL-OTH-2011-2021,Gas
ES-OTH-2011-2021,Gas
FI-OTH-2011-2021,District
FI-OTH-2011-2021,Electricity
FI-OTH-2011-2021,Gas
FR-OTH-2011-2021,Electricity
FR-OTH-2011-2021,Gas
HR-OTH-2011-2021,Gas
HU-OTH-2011-2021,Gas
IE-OTH-2011-2021,Electricity
IE-OTH-2011-2021,Gas
IT-OTH-2011-2021,Gas
LT-OTH-2011-2021,District
LT-OTH-2011-2021,Electricity
LT-OTH-2011-2021,Gas
LU-OTH-2011-2021,Electricity
LU-OTH-2011-2021,Gas
LV-OTH-2011-2021,District
LV-OTH-2011-2021,Electricity
LV-OTH-2011-2021,Gas
MT-OTH-2011-2021,Gas
NL-OTH-2011-2021,Electricity
NL-OTH-2011-2021,Gas
PL-OTH-2011-2021,Gas
PT-OTH-2011-2021,Gas
RO-OTH-2011-2021,Gas
SE-OTH-2011-2021,District
SE-OTH-2011-2021,Electricity
SE-OTH-2011-2021,Gas
SI-OTH-2011-2021,Gas
SK-OTH-2011-2021,Gas
AT-TRA-1850-1944,Electricity
AT-TRA-1850-1944,Gas
BE-TRA-1850-1944,Electricity
BE-TRA-1850-1944,Gas
BG-TRA-1850-1944,Gas
CY-TRA-1850-1944,Electricity
CY-TRA-1850-1944,Gas
CZ-TRA-1850-1944,Gas
DE-TRA-1850-1944,Electricity
DE-TRA-1850-1944,Gas
DK-TRA-1850-1944,District
DK-TRA-1850-1944,Electricity
DK-TRA-1850-1944,Gas
EE-TRA-1850-1944,District
EE-TRA-1850-1944,Electricity
EE-TRA-1850-1944,Gas
EL-TRA-1850-1944,Electricity
EL-TRA-1850-1944,Gas
ES-TRA-1850-1944,Electricity
ES-TRA-1850-1944,Gas
FI-TRA-1850-1944,District
FI-TRA-1850-1944,Electricity
FI-TRA-1850-1944,Gas
FR-TRA-1850-1944,Electricity
FR-TRA-1850-1944,Gas
HR-TRA-1850-1944,Gas
HU-TRA-1850-1944,Gas
IE-TRA-1850-1944,Electricity
IE-TRA-1850-1944,Gas
IT-TRA-1850-1944,Electricity
IT-TRA-1850-1944,Gas
LT-TRA-1850-1944,District
LT-TRA-1850-1944,Electricity
LT-TRA-1850-1944,Gas
LU-TRA-1850-1944,Electricity
LU-TRA-1850-1944,Gas
LV-TRA-1850-1944,District
LV-TRA-1850-1944,Electricity
LV-TRA-1850-1944,Gas
MT-TRA-1850-1944,Electricity
MT-TRA-1850-1944,Gas
NL-TRA-1850-1944,Electricity
NL-TRA-1850-1944,Gas
PL-TRA-1850-1944,Gas
PT-TRA-1850-1944,Electricity
PT-TRA-1850-1944,Gas
RO-TRA-1850-1944,Gas
SE-TRA-1850-1944,District
SE-TRA-1850-1944,Electricity
SE-TRA-1850-1944,Gas
SI-TRA-1850-1944,Gas
SK-TRA-1850-1944,Gas
AT-TRA-1945-1969,Electricity
AT-TRA-1945-1969,Gas
BE-TRA-1945-1969,Electricity
BE-TRA-1945-1969,Gas
BG-TRA-1945-1969,Gas
CY-TRA-1945-1969,Electricity
CY-TRA-1945-1969,Gas
CZ-TRA-1945-1969,Gas
DE-TRA-1945-1969,Electricity
DE-TRA-1945-1969,Gas
DK-TRA-1945-1969,District
DK-TRA-1945-1969,Electricity
DK-TRA-1945-1969,Gas
EE-TRA-1945-1969,District
EE-TRA-1945-1969,Electricity
EE-TRA-1945-1969,Gas
EL-TRA-1945-1969,Electricity
EL-TRA-1945-1969,Gas
ES-TRA-1945-1969,Electricity
ES-TRA-1945-1969,Gas
FI-TRA-1945-1969,District
FI-TRA-1945-1969,Electricity
FI-TRA-1945-1969,Gas
FR-TRA-1945-1969,Electricity
FR-TRA-1945-1969,Gas
HR-TRA-1945-1969,Gas
HU-TRA-1945-1969,Gas
IE-TRA-1945-1969,Electricity
IE-TRA-1945-1969,Gas
IT-TRA-1945-1969,Electricity
IT-TRA-1945-1969,Gas
LT-TRA-1945-1969,District
LT-TRA-1945-1969,Electricity
LT-TRA-1945-1969,Gas
LU-TRA-1945-1969,Electricity
LU-TRA-1945-1969,Gas
LV-TRA-1945-1969,District
LV-TRA-1945-1969,Electricity
LV-TRA-1945-1969,Gas
MT-TRA-1945-1969,Electricity
MT-TRA-1945-1969,Gas
NL-TRA-1945-1969,Electricity
NL-TRA-1945-1969,Gas
PL-TRA-1945-1969,Gas
PT-TRA-1945-1969,Electricity
PT-TRA-1945-1969,Gas
RO-TRA-1945-1969,Gas
SE-TRA-1945-1969,District
SE-TRA-1945-1969,Electricity
SE-TRA-1945-1969,Gas
SI-TRA-1945-1969,Gas
SK-TRA-1945-1969,Gas
AT-TRA-1970-1979,Electricity
AT-TRA-1970-1979,Gas
BE-TRA-1970-1979,Electricity
BE-TRA-1970-1979,Gas
BG-TRA-1970-1979,Gas
CY-TRA-1970-1979,Electricity
CY-TRA-1970-1979,Gas
CZ-TRA-1970-1979,Gas
DE-TRA-1970-1979,Electricity
DE-TRA-1970-1979,Gas
DK-TRA-1970-1979,District
DK-TRA-1970-1979,Electricity
DK-TRA-1970-1979,Gas
EE-TRA-1970-1979,District
EE-TRA-1970-1979,Electricity
EE-TRA-1970-1979,Gas
EL-TRA-1970-1979,Electricity
EL-TRA-1970-1979,Gas
ES-TRA-1970-1979,Electricity
ES-TRA-1970-1979,Gas
FI-TRA-1970-1979,District
FI-TRA-1970-1979,Electricity
FI-TRA-1970-1979,Gas
FR-TRA-1970-1979,Electricity
FR-TRA-1970-1979,Gas
HR-TRA-1970-1979,Gas
HU-TRA-1970-1979,Gas
IE-TRA-1970-1979,Electricity
IE-TRA-1970-1979,Gas
IT-TRA-1970-1979,Electricity
IT-TRA-1970-1979,Gas
LT-TRA-1970-1979,District
LT-TRA-1970-1979,Electricity
LT-TRA-1970-1979,Gas
LU-TRA-1970-1979,Electricity
LU-TRA-1970-1979,Gas
LV-TRA-1970-1979,District
LV-TRA-1970-1979,Electricity
LV-TRA-1970-1979,Gas
MT-TRA-1970-1979,Electricity
MT-TRA-1970-1979,Gas
NL-TRA-1970-1979,Electricity
NL-TRA-1970-1979,Gas
PL-TRA-1970-1979,Gas
PT-TRA-1970-1979,Electricity
PT-TRA-1970-1979,Gas
RO-TRA-1970-1979,Gas
SE-TRA-1970-1979,District
SE-TRA-1970-1979,Electricity
SE-TRA-1970-1979,Gas
SI-TRA-1970-1979,Gas
SK-TRA-1970-1979,Gas
AT-TRA-1980-1989,Electricity
AT-TRA-1980-1989,Gas
BE-TRA-1980-1989,Electricity
BE-TRA-1980-1989,Gas
BG-TRA-1980-1989,Gas
CY-TRA-1980-1989,Electricity
CY-TRA-1980-1989,Gas
CZ-TRA-1980-1989,Gas
DE-TRA-1980-1989,Electricity
DE-TRA-1980-1989,Gas
DK-TRA-1980-1989,District
DK-TRA-1980-1989,Electricity
DK-TRA-1980-1989,Gas
EE-TRA-1980-1989,District
EE-TRA-1980-1989,Electricity
EE-TRA-1980-1989,Gas
EL-TRA-1980-1989,Electricity
EL-TRA-1980-1989,Gas
ES-TRA-1980-1989,Electricity
ES-TRA-1980-1989,Gas
FI-TRA-1980-1989,District
FI-TRA-1980-1989,Electricity
FI-TRA-1980-1989,Gas
FR-TRA-1980-1989,Electricity
FR-TRA-1980-1989,Gas
HR-TRA-1980-1989,Gas
HU-TRA-1980-1989,Gas
IE-TRA-1980-1989,Electricity
IE-TRA-1980-1989,Gas
IT-TRA-1980-1989,Electricity
IT-TRA-1980-1989,Gas
LT-TRA-1980-1989,District
LT-TRA-1980-1989,Electricity
LT-TRA-1980-1989,Gas
LU-TRA-1980-1989,Electricity
LU-TRA-1980-1989,Gas
LV-TRA-1980-1989,District
LV-TRA-1980-1989,Electricity
LV-TRA-1980-1989,Gas
MT-TRA-1980-1989,Electricity
MT-TRA-1980-1989,Gas
NL-TRA-1980-1989,Electricity
NL-TRA-1980-1989,Gas
PL-TRA-1980-1989,Gas
PT-TRA-1980-1989,Electricity
PT-TRA-1980-1989,Gas
RO-TRA-1980-1989,Gas
SE-TRA-1980-1989,District
SE-TRA-1980-1989,Electricity
SE-TRA-1980-1989,Gas
SI-TRA-1980-1989,Gas
SK-TRA-1980-1989,Gas
AT-TRA-1990-1999,Electricity
AT-TRA-1990-1999,Gas
BE-TRA-1990-1999,Electricity
BE-TRA-1990-1999,Gas
BG-TRA-1990-1999,Gas
CY-TRA-1990-1999,Electricity
CY-TRA-1990-1999,Gas
CZ-TRA-1990-1999,Gas
DE-TRA-1990-1999,Electricity
DE-TRA-1990-1999,Gas
DK-TRA-1990-1999,District
DK-TRA-1990-1999,Electricity
DK-TRA-1990-1999,Gas
EE-TRA-1990-1999,District
EE-TRA-1990-1999,Electricity
EE-TRA-1990-1999,Gas
EL-TRA-1990-1999,Electricity
EL-TRA-1990-1999,Gas
ES-TRA-1990-1999,Electricity
ES-TRA-1990-1999,Gas
FI-TRA-1990-1999,District
FI-TRA-1990-1999,Electricity
FI-TRA-1990-1999,Gas
FR-TRA-1990-1999,Electricity
FR-TRA-1990-1999,Gas
HR-TRA-1990-1999,Gas
HU-TRA-1990-1999,Gas
IE-TRA-1990-1999,Electricity
IE-TRA-1990-1999,Gas
IT-TRA-1990-1999,Electricity
IT-TRA-1990-1999,Gas
LT-TRA-1990-1999,District
LT-TRA-1990-1999,Electricity
LT-TRA-1990-1999,Gas
LU-TRA-1990-1999,Electricity
LU-TRA-1990-1999,Gas
LV-TRA-1990-1999,District
LV-TRA-1990-1999,Electricity
LV-TRA-1990-1999,Gas
MT-TRA-1990-1999,Electricity
MT-TRA-1990-1999,Gas
NL-TRA-1990-1999,Electricity
NL-TRA-1990-1999,Gas
PL-TRA-1990-1999,Gas
PT-TRA-1990-1999,Electricity
PT-TRA-1990-1999,Gas
RO-TRA-1990-1999,Gas
SE-TRA-1990-1999,District
SE-TRA-1990-1999,Electricity
SE-TRA-1990-1999,Gas
SI-TRA-1990-1999,Gas
SK-TRA-1990-1999,Gas
AT-TRA-2000-2010,Electricity
AT-TRA-2000-2010,Gas
BE-TRA-2000-2010,Electricity
BE-TRA-2000-2010,Gas
BG-TRA-2000-2010,Gas
CY-TRA-2000-2010,Electricity
CY-TRA-2000-2010,Gas
CZ-TRA-2000-2010,Gas
DE-TRA-2000-2010,Electricity
DE-TRA-2000-2010,Gas
DK-TRA-2000-2010,District
DK-TRA-2000-2010,Electricity
DK-TRA-2000-2010,Gas
EE-TRA-2000-2010,District
EE-TRA-2000-2010,Electricity
EE-TRA-2000-2010,Gas
EL-TRA-2000-2010,Electricity
EL-TRA-2000-2010,Gas
ES-TRA-2000-2010,Electricity
ES-TRA-2000-2010,Gas
FI-TRA-2000-2010,District
FI-TRA-2000-2010,Electricity
FI-TRA-2000-2010,Gas
FR-TRA-2000-2010,Electricity
FR-TRA-2000-2010,Gas
HR-TRA-2000-2010,Gas
HU-TRA-2000-2010,Gas
IE-TRA-2000-2010,Electricity
IE-TRA-2000-2010,Gas
IT-TRA-2000-2010,Electricity
IT-TRA-2000-2010,Gas
LT-TRA-2000-2010,District
LT-TRA-2000-2010,Electricity
LT-TRA-2000-2010,Gas
LU-TRA-2000-2010,Electricity
LU-TRA-2000-2010,Gas
LV-TRA-2000-2010,District
LV-TRA-2000-2010,Electricity
LV-TRA-2000-2010,Gas
MT-TRA-2000-2010,Electricity
MT-TRA-2000-2010,Gas
NL-TRA-2000-2010,Electricity
NL-TRA-2000-2010,Gas
PL-TRA-2000-2010,Gas
PT-TRA-2000-2010,Electricity
PT-TRA-2000-2010,Gas
RO-TRA-2000-2010,Gas
SE-TRA-2000-2010,District
SE-TRA-2000-2010,Electricity
SE-TRA-2000-2010,Gas
SI-TRA-2000-2010,Gas
SK-TRA-2000-2010,Gas
AT-TRA-2011-2021,Electricity
AT-TRA-2011-2021,Gas
BE-TRA-2011-2021,Electricity
BE-TRA-2011-2021,Gas
BG-TRA-2011-2021,Gas
CY-TRA-2011-2021,Electricity
CY-TRA-2011-2021,Gas
CZ-TRA-2011-2021,Gas
DE-TRA-2011-2021,Electricity
DE-TRA-2011-2021,Gas
DK-TRA-2011-2021,District
DK-TRA-2011-2021,Electricity
DK-TRA-2011-2021,Gas
EE-TRA-2011-2021,District
EE-TRA-2011-2021,Electricity
EE-TRA-2011-2021,Gas
EL-TRA-2011-2021,Electricity
EL-TRA-2011-2021,Gas
ES-TRA-2011-2021,Electricity
ES-TRA-2011-2021,Gas
FI-TRA-2011-2021,District
FI-TRA-2011-2021,Electricity
FI-TRA-2011-2021,Gas
FR-TRA-2011-2021,Electricity
FR-TRA-2011-2021,Gas
HR-TRA-2011-2021,Gas
HU-TRA-2011-2021,Gas
IE-TRA-2011-2021,Electricity
IE-TRA-2011-2021,Gas
IT-TRA-2011-2021,Electricity
IT-TRA-2011-2021,Gas
LT-TRA-2011-2021,District
LT-TRA-2011-2021,Electricity
LT-TRA-2011-2021,Gas
LU-TRA-2011-2021,Electricity
LU-TRA-2011-2021,Gas
LV-TRA-2011-2021,District
LV-TRA-2011-2021,Electricity
LV-TRA-2011-2021,Gas
MT-TRA-2011-2021,Electricity
MT-TRA-2011-2021,Gas
NL-TRA-2011-2021,Electricity
NL-TRA-2011-2021,Gas
PL-TRA-2011-2021,Gas
PT-TRA-2011-2021,Electricity
PT-TRA-2011-2021,Gas
RO-TRA-2011-2021,Gas
SE-TRA-2011-2021,District
SE-TRA-2011-2021,Electricity
SE-TRA-2011-2021,Gas
SI-TRA-2011-2021,Gas
SK-TRA-2011-2021,Gas
DK-ABL-1850-1850,District
DK-ABL-1850-1850,Electricity
ES-ABL-1850-1900,Gas
IT-ABL-1850-1900,Gas
MT-ABL-1850-1900,Gas
PT-ABL-1850-1900,Gas
FR-ABL-1850-1914,Gas
AT-ABL-1850-1918,Gas
AT-ABL-1850-1918,Liquid
DE-ABL-1850-1918,Gas
CZ-ABL-1850-1920,Electricity
SK-ABL-1850-1920,Electricity
HR-ABL-1850-1945,Liquid
SI-ABL-1850-1945,Biomass
SI-ABL-1850-1945,Liquid
BG-ABL-1850-1959,District
RO-ABL-1850-1959,Gas
LU-ABL-1850-1964,Gas
NL-ABL-1850-1964,Gas
BE-ABL-1850-1970,Gas
IE-ABL-1850-1977,Liquid
PL-ABL-1850-1985,District
DK-ABL-1851-1930,District
DK-ABL-1851-1930,Electricity
IT-ABL-1901-1920,Gas
ES-ABL-1901-1936,Gas
MT-ABL-1901-1936,Gas
PT-ABL-1901-1936,Gas
FR-ABL-1915-1948,Gas
AT-ABL-1919-1944,Gas
AT-ABL-1919-1944,Liquid
DE-ABL-1919-1948,Gas
CZ-ABL-1921-1945,Electricity
IT-ABL-1921-1945,Gas
SK-ABL-1921-1945,Electricity
DK-ABL-1931-1950,District
DK-ABL-1931-1950,Electricity
ES-ABL-1937-1959,Gas
MT-ABL-1937-1959,Gas
PT-ABL-1937-1959,Gas
AT-ABL-1945-1960,Gas
AT-ABL-1945-1960,Liquid
CZ-ABL-1946-1960,Electricity
IT-ABL-1946-1960,Gas
SK-ABL-1946-1960,Electricity
HR-ABL-1946-1970,Liquid
SI-ABL-1946-1970,Biomass
SI-ABL-1946-1970,Liquid
DE-ABL-1949-1957,Gas
FR-ABL-1949-1967,Gas
DK-ABL-1951-1960,District
DK-ABL-1951-1960,Electricity
DE-ABL-1958-1968,Gas
ES-ABL-1960-1979,Gas
MT-ABL-1960-1979,Gas
PT-ABL-1960-1979,Gas
BG-ABL-1960-1998,District
RO-ABL-1960-1998,Gas
DK-ABL-1961-1972,District
DK-ABL-1961-1972,Electricity
IT-ABL-1961-1975,Gas
AT-ABL-1961-1980,Gas
AT-ABL-1961-1980,Liquid
CZ-ABL-1961-1980,Electricity
SK-ABL-1961-1980,Electricity
LU-ABL-1965-1974,Gas
LU-ABL-1965-1974,Liquid
NL-ABL-1965-1974,Gas
FR-ABL-1968-1974,Liquid
DE-ABL-1969-2021,Gas
HR-ABL-1971-1980,Liquid
SI-ABL-1971-1980,Biomass
SI-ABL-1971-1980,Liquid
BE-ABL-1971-1990,Gas
DK-ABL-1973-1978,District
DK-ABL-1973-1978,Electricity
FR-ABL-1975-1981,Liquid
LU-ABL-1975-1991,Gas
LU-ABL-1975-1991,Liquid
NL-ABL-1975-1991,Gas
IT-ABL-1976-1990,Gas
IE-ABL-1978-1982,Liquid
DK-ABL-1979-1998,District
DK-ABL-1979-1998,Electricity
ES-ABL-1980-2006,Gas
MT-ABL-1980-2006,Gas
PT-ABL-1980-2006,Gas
AT-ABL-1981-1990,Gas
AT-ABL-1981-1990,Liquid
CZ-ABL-1981-1994,Electricity
SK-ABL-1981-1994,Electricity
HR-ABL-1981-2001,Liquid
SI-ABL-1981-2001,Biomass
SI-ABL-1981-2001,Liquid
FR-ABL-1982-1989,Gas
IE-ABL-1983-1993,Liquid
PL-ABL-1986-1992,District
FR-ABL-1990-1999,Gas
AT-ABL-1991-2000,Gas
AT-ABL-1991-2000,Liquid
BE-ABL-1991-2005,Gas
IT-ABL-1991-2005,Gas
LU-ABL-1992-2005,Gas
NL-ABL-1992-2005,Gas
PL-ABL-1993-2002,District
IE-ABL-1994-2004,Liquid
CZ-ABL-1995-2021,Gas
SK-ABL-1995-2021,Gas
DK-ABL-1999-2006,District
DK-ABL-1999-2006,Electricity
BG-ABL-1999-2008,District
RO-ABL-1999-2008,Gas
FR-ABL-2000-2005,Gas
AT-ABL-2001-2009,Gas
AT-ABL-2001-2009,Liquid
HR-ABL-2002-2008,Gas
SI-ABL-2002-2008,District
SI-ABL-2002-2008,Gas
PL-ABL-2003-2008,District
IE-ABL-2005-2010,Liquid
BE-ABL-2006-2011,Gas
FR-ABL-2006-2012,Gas
LU-ABL-2006-2014,Gas
NL-ABL-2006-2014,Gas
IT-ABL-2006-2021,Gas
DK-ABL-2007-2010,District
DK-ABL-2007-2010,Electricity
ES-ABL-2007-2021,Gas
MT-ABL-2007-2021,Gas
PT-ABL-2007-2021,Gas
BG-ABL-2009-2021,District
HR-ABL-2009-2021,Gas
PL-ABL-2009-2021,District
RO-ABL-2009-2021,Gas
SI-ABL-2009-2021,District
SI-ABL-2009-2021,Gas
AT-ABL-2010-2021,Gas
AT-ABL-2010-2021,Liquid
DK-ABL-2011-2021,District
DK-ABL-2011-2021,Electricity
IE-ABL-2011-2021,Electricity
IE-ABL-2011-2021,Liquid
BE-ABL-2012-2021,Gas
FR-ABL-2013-2021,Gas
LU-ABL-2015-2021,Gas
NL-ABL-2015-2021,Gas
DE-MFH-1850-1859,Gas
ES-MFH-1850-1900,Gas
IT-MFH-1850-1900,Gas
MT-MFH-1850-1900,Gas
PT-MFH-1850-1900,Gas
FR-MFH-1850-1914,Gas
AT-MFH-1850-1918,Gas
BG-MFH-1850-1918,District
RO-MFH-1850-1918,Gas
CZ-MFH-1850-1920,Electricity
SK-MFH-1850-1920,Electricity
HU-MFH-1850-1944,Gas
BE-MFH-1850-1945,Gas
HR-MFH-1850-1945,Liquid
PL-MFH-1850-1945,District
SI-MFH-1850-1945,Biomass
SI-MFH-1850-1945,Liquid
EE-MFH-1850-1960,Electricity
EE-MFH-1850-1960,Liquid
FI-MFH-1850-1960,Electricity
FI-MFH-1850-1960,Liquid
LT-MFH-1850-1960,Electricity
LT-MFH-1850-1960,Liquid
LV-MFH-1850-1960,Electricity
LV-MFH-1850-1960,Liquid
SE-MFH-1850-1960,Electricity
SE-MFH-1850-1960,Liquid
LU-MFH-1850-1964,Gas
NL-MFH-1850-1964,Gas
CY-MFH-1850-1980,Gas
EL-MFH-1850-1980,Liquid
DE-MFH-1860-1918,Gas
IT-MFH-1901-1920,Gas
ES-MFH-1901-1936,Gas
MT-MFH-1901-1936,Gas
PT-MFH-1901-1936,Gas
FR-MFH-1915-1948,Gas
BG-MFH-1919-1929,District
RO-MFH-1919-1929,Gas
AT-MFH-1919-1944,Gas
DE-MFH-1919-1948,Gas
CZ-MFH-1921-1945,Electricity
IT-MFH-1921-1945,Gas
SK-MFH-1921-1945,Electricity
BG-MFH-1930-1959,District
RO-MFH-1930-1959,Gas
ES-MFH-1937-1959,Gas
MT-MFH-1937-1959,Gas
PT-MFH-1937-1959,Gas
AT-MFH-1945-1960,Liquid
HU-MFH-1945-1979,Gas
CZ-MFH-1946-1960,Electricity
IT-MFH-1946-1960,Gas
SK-MFH-1946-1960,Electricity
PL-MFH-1946-1966,District
BE-MFH-1946-1970,Gas
HR-MFH-1946-1970,Liquid
SI-MFH-1946-1970,Biomass
SI-MFH-1946-1970,Liquid
DE-MFH-1949-1957,Gas
FR-MFH-1949-1967,Gas
DE-MFH-1958-1968,Gas
ES-MFH-1960-1979,Gas
MT-MFH-1960-1979,Gas
PT-MFH-1960-1979,Gas
BG-MFH-1960-1998,District
RO-MFH-1960-1998,Gas
EE-MFH-1961-1975,Electricity
EE-MFH-1961-1975,Liquid
FI-MFH-1961-1975,Electricity
FI-MFH-1961-1975,Liquid
IT-MFH-1961-1975,Gas
LT-MFH-1961-1975,Electricity
LT-MFH-1961-1975,Liquid
LV-MFH-1961-1975,Electricity
LV-MFH-1961-1975,Liquid
SE-MFH-1961-1975,Electricity
SE-MFH-1961-1975,Liquid
AT-MFH-1961-1980,Liquid
CZ-MFH-1961-1980,Electricity
SK-MFH-1961-1980,Electricity
LU-MFH-1965-1974,District
LU-MFH-1965-1974,Gas
NL-MFH-1965-1974,Gas
PL-MFH-1967-1985,District
FR-MFH-1968-1974,Liquid
DE-MFH-1969-1978,Gas
HR-MFH-1971-1980,Liquid
SI-MFH-1971-1980,Biomass
SI-MFH-1971-1980,Liquid
BE-MFH-1971-1990,Gas
FR-MFH-1975-1981,Liquid
LU-MFH-1975-1991,District
LU-MFH-1975-1991,Gas
NL-MFH-1975-1991,Gas
EE-MFH-1976-1985,Electricity
EE-MFH-1976-1985,Liquid
FI-MFH-1976-1985,Electricity
FI-MFH-1976-1985,Liquid
LT-MFH-1976-1985,Electricity
LT-MFH-1976-1985,Liquid
LV-MFH-1976-1985,Electricity
LV-MFH-1976-1985,Liquid
SE-MFH-1976-1985,Electricity
SE-MFH-1976-1985,Liquid
IT-MFH-1976-1990,Gas
DE-MFH-1979-1983,Gas
HU-MFH-1980-1989,Gas
ES-MFH-1980-2006,Gas
MT-MFH-1980-2006,Gas
PT-MFH-1980-2006,Gas
AT-MFH-1981-1990,Liquid
CZ-MFH-1981-1994,Electricity
SK-MFH-1981-1994,Electricity
EL-MFH-1981-2000,Liquid
HR-MFH-1981-2001,Liquid
SI-MFH-1981-2001,Biomass
SI-MFH-1981-2001,Liquid
CY-MFH-1981-2006,Gas
FR-MFH-1982-1989,Gas
DE-MFH-1984-1994,Gas
PL-MFH-1986-1992,District
EE-MFH-1986-1995,Electricity
EE-MFH-1986-1995,Liquid
FI-MFH-1986-1995,Electricity
FI-MFH-1986-1995,Liquid
LT-MFH-1986-1995,Electricity
LT-MFH-1986-1995,Liquid
LV-MFH-1986-1995,Electricity
LV-MFH-1986-1995,Liquid
SE-MFH-1986-1995,Electricity
SE-MFH-1986-1995,Liquid
FR-MFH-1990-1999,Electricity
FR-MFH-1990-1999,Gas
HU-MFH-1990-2005,Gas
AT-MFH-1991-2000,Liquid
BE-MFH-1991-2005,Gas
IT-MFH-1991-2005,Gas
LU-MFH-1992-2005,Electricity
LU-MFH-1992-2005,Gas
NL-MFH-1992-2005,Gas
PL-MFH-1993-2002,District
DE-MFH-1995-2001,Gas
CZ-MFH-1995-2010,Gas
SK-MFH-1995-2010,Gas
EE-MFH-1996-2021,Electricity
EE-MFH-1996-2021,Liquid
FI-MFH-1996-2021,Electricity
FI-MFH-1996-2021,Liquid
LT-MFH-1996-2021,Electricity
LT-MFH-1996-2021,Liquid
LV-MFH-1996-2021,Electricity
LV-MFH-1996-2021,Liquid
SE-MFH-1996-2021,Electricity
SE-MFH-1996-2021,Liquid
BG-MFH-1999-2008,District
RO-MFH-1999-2008,Gas
FR-MFH-2000-2005,Gas
AT-MFH-2001-2009,Liquid
EL-MFH-2001-2010,Liquid
HR-MFH-2002-2008,Gas
SI-MFH-2002-2008,District
SI-MFH-2002-2008,Gas
DE-MFH-2002-2009,Gas
PL-MFH-2003-2008,District
BE-MFH-2006-2011,Gas
FR-MFH-2006-2012,Gas
LU-MFH-2006-2014,Gas
NL-MFH-2006-2014,Gas
HU-MFH-2006-2021,Gas
IT-MFH-2006-2021,Gas
CY-MFH-2007-2013,Gas
ES-MFH-2007-2021,Gas
MT-MFH-2007-2021,Gas
PT-MFH-2007-2021,Gas
BG-MFH-2009-2021,District
HR-MFH-2009-2021,Gas
PL-MFH-2009-2021,District
RO-MFH-2009-2021,Gas
SI-MFH-2009-2021,District
SI-MFH-2009-2021,Gas
DE-MFH-2010-2015,Gas
AT-MFH-2010-2021,Liquid
CZ-MFH-2011-2021,Gas
EL-MFH-2011-2021,Liquid
SK-MFH-2011-2021,Gas
BE-MFH-2012-2021,Gas
FR-MFH-2013-2021,Gas
CY-MFH-2014-2021,Gas
LU-MFH-2015-2021,Gas
NL-MFH-2015-2021,Gas
DE-MFH-2016-2021,Gas
DK-SFH-1850-1850,Electricity
DK-SFH-1850-1850,Gas
DE-SFH-1850-1859,Gas
IE-SFH-1850-1899,Liquid
ES-SFH-1850-1900,Gas
IT-SFH-1850-1900,Gas
MT-SFH-1850-1900,Gas
PT-SFH-1850-1900,Gas
FR-SFH-1850-1914,Liquid
AT-SFH-1850-1918,Liquid
BG-SFH-1850-1918,District
RO-SFH-1850-1918,Gas
CZ-SFH-1850-1920,Electricity
SK-SFH-1850-1920,Electricity
HU-SFH-1850-1944,Gas
BE-SFH-1850-1945,Liquid
HR-SFH-1850-1945,Biomass
PL-SFH-1850-1945,Gas
SI-SFH-1850-1945,Biomass
SI-SFH-1850-1945,Liquid
EE-SFH-1850-1960,Electricity
EE-SFH-1850-1960,Liquid
FI-SFH-1850-1960,Electricity
FI-SFH-1850-1960,Liquid
LT-SFH-1850-1960,Electricity
LT-SFH-1850-1960,Liquid
LV-SFH-1850-1960,Electricity
LV-SFH-1850-1960,Liquid
SE-SFH-1850-1960,Electricity
SE-SFH-1850-1960,Liquid
LU-SFH-1850-1964,Gas
LU-SFH-1850-1964,Liquid
NL-SFH-1850-1964,Gas
CY-SFH-1850-1980,Liquid
EL-SFH-1850-1980,Liquid
DK-SFH-1851-1930,Electricity
DK-SFH-1851-1930,Gas
DE-SFH-1860-1918,Gas
IE-SFH-1900-1929,Liquid
IT-SFH-1901-1920,Gas
ES-SFH-1901-1936,Gas
MT-SFH-1901-1936,Gas
PT-SFH-1901-1936,Gas
FR-SFH-1915-1948,Liquid
BG-SFH-1919-1929,District
RO-SFH-1919-1929,Gas
AT-SFH-1919-1944,Liquid
DE-SFH-1919-1948,Gas
CZ-SFH-1921-1945,Electricity
IT-SFH-1921-1945,Gas
SK-SFH-1921-1945,Electricity
IE-SFH-1930-1949,Liquid
BG-SFH-1930-1959,District
RO-SFH-1930-1959,Gas
DK-SFH-1931-1950,Electricity
DK-SFH-1931-1950,Gas
ES-SFH-1937-1959,Gas
MT-SFH-1937-1959,Gas
PT-SFH-1937-1959,Gas
AT-SFH-1945-1960,Liquid
HU-SFH-1945-1979,Gas
CZ-SFH-1946-1960,Electricity
IT-SFH-1946-1960,Gas
SK-SFH-1946-1960,Electricity
PL-SFH-1946-1966,Gas
BE-SFH-1946-1970,Liquid
HR-SFH-1946-1970,Biomass
SI-SFH-1946-1970,Biomass
SI-SFH-1946-1970,Liquid
DE-SFH-1949-1957,Gas
FR-SFH-1949-1967,Liquid
IE-SFH-1950-1966,Liquid
DK-SFH-1951-1960,Electricity
DK-SFH-1951-1960,Gas
DE-SFH-1958-1968,Gas
ES-SFH-1960-1979,Gas
MT-SFH-1960-1979,Gas
PT-SFH-1960-1979,Gas
BG-SFH-1960-1998,District
RO-SFH-1960-1998,Gas
DK-SFH-1961-1972,Electricity
DK-SFH-1961-1972,Gas
EE-SFH-1961-1975,Electricity
EE-SFH-1961-1975,Liquid
FI-SFH-1961-1975,Electricity
FI-SFH-1961-1975,Liquid
IT-SFH-1961-1975,Gas
LT-SFH-1961-1975,Electricity
LT-SFH-1961-1975,Liquid
LV-SFH-1961-1975,Electricity
LV-SFH-1961-1975,Liquid
SE-SFH-1961-1975,Electricity
SE-SFH-1961-1975,Liquid
AT-SFH-1961-1980,Liquid
CZ-SFH-1961-1980,Electricity
SK-SFH-1961-1980,Electricity
LU-SFH-1965-1974,Gas
NL-SFH-1965-1974,Gas
IE-SFH-1967-1977,Liquid
PL-SFH-1967-1985,Gas
FR-SFH-1968-1974,Liquid
DE-SFH-1969-1978,Gas
HR-SFH-1971-1980,Biomass
SI-SFH-1971-1980,Biomass
SI-SFH-1971-1980,Liquid
BE-SFH-1971-1990,Liquid
DK-SFH-1973-1978,Electricity
DK-SFH-1973-1978,Gas
FR-SFH-1975-1981,Liquid
LU-SFH-1975-1991,Biomass
LU-SFH-1975-1991,Gas
NL-SFH-1975-1991,Gas
EE-SFH-1976-1985,Electricity
EE-SFH-1976-1985,Liquid
FI-SFH-1976-1985,Electricity
FI-SFH-1976-1985,Liquid
LT-SFH-1976-1985,Electricity
LT-SFH-1976-1985,Liquid
LV-SFH-1976-1985,Electricity
LV-SFH-1976-1985,Liquid
SE-SFH-1976-1985,Electricity
SE-SFH-1976-1985,Liquid
IT-SFH-1976-1990,Gas
IE-SFH-1978-1982,Liquid
DE-SFH-1979-1983,Gas
DK-SFH-1979-1998,Electricity
DK-SFH-1979-1998,Gas
HU-SFH-1980-1989,Gas
ES-SFH-1980-2006,Gas
MT-SFH-1980-2006,Gas
PT-SFH-1980-2006,Gas
AT-SFH-1981-1990,Liquid
CZ-SFH-1981-1994,Electricity
SK-SFH-1981-1994,Electricity
EL-SFH-1981-2000,Liquid
HR-SFH-1981-2001,Biomass
SI-SFH-1981-2001,Biomass
SI-SFH-1981-2001,Liquid
CY-SFH-1981-2006,Liquid
FR-SFH-1982-1989,Biomass
FR-SFH-1982-1989,Gas
IE-SFH-1983-1993,Liquid
DE-SFH-1984-1994,Gas
PL-SFH-1986-1992,Gas
EE-SFH-1986-1995,Electricity
EE-SFH-1986-1995,Liquid
FI-SFH-1986-1995,Electricity
FI-SFH-1986-1995,Liquid
LT-SFH-1986-1995,Electricity
LT-SFH-1986-1995,Liquid
LV-SFH-1986-1995,Electricity
LV-SFH-1986-1995,Liquid
SE-SFH-1986-1995,Electricity
SE-SFH-1986-1995,Liquid
FR-SFH-1990-1999,Biomass
HU-SFH-1990-2005,Gas
AT-SFH-1991-2000,Liquid
BE-SFH-1991-2005,Gas
IT-SFH-1991-2005,Gas
LU-SFH-1992-2005,Biomass
LU-SFH-1992-2005,Electricity
NL-SFH-1992-2005,Gas
PL-SFH-1993-2002,Gas
IE-SFH-1994-2004,Liquid
DE-SFH-1995-2001,Gas
CZ-SFH-1995-2010,Gas
SK-SFH-1995-2010,Gas
EE-SFH-1996-2021,Electricity
EE-SFH-1996-2021,Liquid
FI-SFH-1996-2021,Electricity
FI-SFH-1996-2021,Liquid
LT-SFH-1996-2021,Electricity
LT-SFH-1996-2021,Liquid
LV-SFH-1996-2021,Electricity
LV-SFH-1996-2021,Liquid
SE-SFH-1996-2021,Electricity
SE-SFH-1996-2021,Liquid
DK-SFH-1999-2006,Electricity
DK-SFH-1999-2006,Gas
BG-SFH-1999-2008,District
RO-SFH-1999-2008,Gas
FR-SFH-2000-2005,Electricity
AT-SFH-2001-2009,Liquid
EL-SFH-2001-2010,Liquid
HR-SFH-2002-2008,Gas
SI-SFH-2002-2008,District
SI-SFH-2002-2008,Gas
DE-SFH-2002-2009,Gas
PL-SFH-2003-2008,Gas
IE-SFH-2005-2010,Liquid
BE-SFH-2006-2011,Gas
FR-SFH-2006-2012,Electricity
LU-SFH-2006-2014,Electricity
NL-SFH-2006-2014,Gas
HU-SFH-2006-2021,Gas
IT-SFH-2006-2021,Gas
DK-SFH-2007-2010,Electricity
DK-SFH-2007-2010,Gas
CY-SFH-2007-2013,Liquid
ES-SFH-2007-2021,Gas
MT-SFH-2007-2021,Gas
PT-SFH-2007-2021,Gas
BG-SFH-2009-2021,District
HR-SFH-2009-2021,Gas
PL-SFH-2009-2021,Gas
RO-SFH-2009-2021,Gas
SI-SFH-2009-2021,District
SI-SFH-2009-2021,Gas
DE-SFH-2010-2015,Gas
AT-SFH-2010-2021,Liquid
CZ-SFH-2011-2021,Gas
DK-SFH-2011-2021,Electricity
DK-SFH-2011-2021,Gas
EL-SFH-2011-2021,Liquid
IE-SFH-2011-2021,Electricity
IE-SFH-2011-2021,Liquid
SK-SFH-2011-2021,Gas
BE-SFH-2012-2021,Gas
FR-SFH-2013-2021,Electricity
CY-SFH-2014-2021,Gas
LU-SFH-2015-2021,Electricity
NL-SFH-2015-2021,Gas
DE-SFH-2016-2021,Gas
